title,artist,album,isrc,upc,spotify_url,local_path,filename
pexels nothing ahead 3266683,Excavationpro,2,AH-EAD-32-66683,,,J:\Music 2024\Collab October 1\2\pexels-nothing-ahead-3266683.jpg,pexels-nothing-ahead-3266683.jpg
pexels max avans 5087053,Excavationpro,6,AV-ANS-50-87053,,,J:\Music 2024\Collab October 1\6\pexels-max-avans-5087053.jpg,pexels-max-avans-5087053.jpg
grok video 2f62555e 8991 4eab b1b5  (1),Excavationpro,Hopeless,CF-063-03-56060,,,J:\ALL SOUND FILES\2026 NEW MUSIC\Hopeless\grok-video-2f62555e-8991-4eab-b1b5-cf0630356060 (1).mp4,grok-video-2f62555e-8991-4eab-b1b5-cf0630356060 (1).mp4
cns116431992,Excavationpro,generate,CN-S11-64-31992,,,J:\ALL SOUND FILES\. KICK STREAM FOLDER\HOME\HOME\apache-openoffice-4.1.15-5f13fa0070-src\aoo-4.1.15\main\sal\textenc\generate\cns116431992.pl,cns116431992.pl
grok video 95b3df32 be7d 47e6 a4b1,Excavationpro,New folder (6),DF-7EC-52-45724,,,J:\ALL SOUND FILES\2026 NEW MUSIC\TIKTOK SHORTS\New folder (6)\grok-video-95b3df32-be7d-47e6-a4b1-df7ec5245724.mp4,grok-video-95b3df32-be7d-47e6-a4b1-df7ec5245724.mp4
Frozen Tag,Excavationpro,18,QM-42K-22-03095,,,J:\ALL SOUND FILES\. KICK STREAM FOLDER\1 SOUNDCLOUD  DISTRO KID\18\Frozen Tag QM42K2203095.wav,Frozen Tag QM42K2203095.wav
Emotional Support,Excavationpro,Vocals,QM-42K-22-04400,,,J:\ALL SOUND FILES\. KICK STREAM FOLDER\HOME\HOME\1 SOUNDCLOUD  DISTRO KID\30\Vocals\Emotional Support QM42K2204400.wav,Emotional Support QM42K2204400.wav
Lost in Love,Excavationpro,18,QM-42K-22-32271,,,J:\ALL SOUND FILES\. KICK STREAM FOLDER\1 SOUNDCLOUD  DISTRO KID\18\Lost in Love QM42K2232271.wav,Lost in Love QM42K2232271.wav
Hope Instrumental,Excavationpro,19,QM-42K-22-68628,,,J:\ALL SOUND FILES\. KICK STREAM FOLDER\1 SOUNDCLOUD  DISTRO KID\19\Hope Instrumental QM42K2268628.wav,Hope Instrumental QM42K2268628.wav
Conversation Overload,Excavationpro,19,QM-42K-22-70355,,,J:\ALL SOUND FILES\. KICK STREAM FOLDER\1 SOUNDCLOUD  DISTRO KID\19\Conversation Overload QM42K2270355.wav,Conversation Overload QM42K2270355.wav
Internal Conflict (Mastered with Thunder at 80pct),Excavationpro,PG 38,QM-42K-22-77731,,,J:\ALL SOUND FILES\. KICK STREAM FOLDER\HOME\HOME\1 SOUNDCLOUD  DISTRO KID\PG 38\Internal Conflict (Mastered with Thunder at 80pct) QM42K2277731.wav,Internal Conflict (Mastered with Thunder at 80pct) QM42K2277731.wav
Shared My Shh Hit Ft. Justin Helmer,Excavationpro,Vocals,QM-42K-22-88698,,,J:\ALL SOUND FILES\. KICK STREAM FOLDER\HOME\HOME\1 SOUNDCLOUD  DISTRO KID\30\Vocals\Shared My Shh Hit Ft. Justin Helmer QM42K2288698.wav,Shared My Shh Hit Ft. Justin Helmer QM42K2288698.wav
Chill Vibes Instrumental,Excavationpro,PG 38,QM-42K-22-97200,,,J:\ALL SOUND FILES\. KICK STREAM FOLDER\HOME\HOME\1 SOUNDCLOUD  DISTRO KID\PG 38\Chill Vibes Instrumental QM42K2297200.wav,Chill Vibes Instrumental QM42K2297200.wav
Support,Excavationpro,23,QM-42K-23-00675,,,J:\ALL SOUND FILES\. KICK STREAM FOLDER\1 SOUNDCLOUD  DISTRO KID\23\Support QM42K2300675.wav,Support QM42K2300675.wav
Controlled and Deleted,Excavationpro,23,QM-42K-23-02934,,,J:\ALL SOUND FILES\. KICK STREAM FOLDER\1 SOUNDCLOUD  DISTRO KID\23\Controlled and Deleted QM42K2302934.wav,Controlled and Deleted QM42K2302934.wav
Hypno Toad Beat Loop,Excavationpro,instrumentals,QM-42K-23-04774,,,J:\ALL SOUND FILES\. KICK STREAM FOLDER\HOME\HOME\1 SOUNDCLOUD  DISTRO KID\0 DONE ALBUM\28\instrumentals\Hypno Toad Beat Loop QM42K2304774.wav,Hypno Toad Beat Loop QM42K2304774.wav
Download Encrypted,Excavationpro,19,QM-42K-23-06110,,,J:\ALL SOUND FILES\. KICK STREAM FOLDER\1 SOUNDCLOUD  DISTRO KID\19\Download Encrypted QM42K2306110.wav,Download Encrypted QM42K2306110.wav
Looped Patterns Instrumental,Excavationpro,20,QM-42K-23-09170,,,J:\ALL SOUND FILES\. KICK STREAM FOLDER\1 SOUNDCLOUD  DISTRO KID\20\Looped Patterns Instrumental QM42K2309170.wav,Looped Patterns Instrumental QM42K2309170.wav
Chaos 2023 Freestyle,Excavationpro,Vocals,QM-42K-23-09346,,,J:\ALL SOUND FILES\. KICK STREAM FOLDER\HOME\HOME\1 SOUNDCLOUD  DISTRO KID\30\Vocals\Chaos 2023 Freestyle QM42K2309346.wav,Chaos 2023 Freestyle QM42K2309346.wav
When I Pull Up (Mastered with Sunroof at 100pct),Excavationpro,26,QM-42K-23-10964,,,J:\ALL SOUND FILES\. KICK STREAM FOLDER\1 SOUNDCLOUD  DISTRO KID\26\When I Pull Up (Mastered with Sunroof at 100pct) QM42K2310964.wav,When I Pull Up (Mastered with Sunroof at 100pct) QM42K2310964.wav
Eternal,Excavationpro,26,QM-42K-23-12577,,,J:\ALL SOUND FILES\. KICK STREAM FOLDER\1 SOUNDCLOUD  DISTRO KID\26\Eternal QM42K2312577.wav,Eternal QM42K2312577.wav
Lost Friend,Excavationpro,instrumentals,QM-42K-23-19094,,,J:\ALL SOUND FILES\. KICK STREAM FOLDER\HOME\HOME\1 SOUNDCLOUD  DISTRO KID\0 DONE ALBUM\28\instrumentals\Lost Friend QM42K2319094.mp3,Lost Friend QM42K2319094.mp3
Reversed Spirits,Excavationpro,27,QM-42K-23-29347,,,J:\ALL SOUND FILES\. KICK STREAM FOLDER\1 SOUNDCLOUD  DISTRO KID\27\Reversed Spirits QM42K2329347.mp3,Reversed Spirits QM42K2329347.mp3
Moon Man,Excavationpro,27,QM-42K-23-33738,,,J:\ALL SOUND FILES\. KICK STREAM FOLDER\1 SOUNDCLOUD  DISTRO KID\27\Moon Man QM42K2333738.mp3,Moon Man QM42K2333738.mp3
Wasted Time,Excavationpro,instrumentals,QM-42K-23-35320,,,J:\ALL SOUND FILES\. KICK STREAM FOLDER\HOME\HOME\1 SOUNDCLOUD  DISTRO KID\0 DONE ALBUM\28\instrumentals\Wasted Time QM42K2335320.wav,Wasted Time QM42K2335320.wav
Destroyer,Excavationpro,25,QM-42K-23-42306,,,J:\ALL SOUND FILES\. KICK STREAM FOLDER\1 SOUNDCLOUD  DISTRO KID\25\Destroyer QM42K2342306.wav,Destroyer QM42K2342306.wav
Living on the Edge Feat. Justin Helmer,Excavationpro,22,QM-42K-23-43211,,,J:\ALL SOUND FILES\. KICK STREAM FOLDER\1 SOUNDCLOUD  DISTRO KID\22\Living on the Edge Feat. Justin Helmer QM42K2343211.wav,Living on the Edge Feat. Justin Helmer QM42K2343211.wav
Magic Mountain,Excavationpro,27,QM-42K-23-46694,,,J:\ALL SOUND FILES\. KICK STREAM FOLDER\1 SOUNDCLOUD  DISTRO KID\27\Magic Mountain QM42K2346694.mp3,Magic Mountain QM42K2346694.mp3
The Legacy,Excavationpro,23,QM-42K-23-46770,,,J:\ALL SOUND FILES\. KICK STREAM FOLDER\1 SOUNDCLOUD  DISTRO KID\23\The Legacy QM42K2346770.wav,The Legacy QM42K2346770.wav
Raw Emotions (Mastered with Thunder at 100pct),Excavationpro,21,QM-42K-23-50685,,,J:\ALL SOUND FILES\. KICK STREAM FOLDER\1 SOUNDCLOUD  DISTRO KID\21\Raw Emotions (Mastered with Thunder at 100pct) QM42K2350685.wav,Raw Emotions (Mastered with Thunder at 100pct) QM42K2350685.wav
Walking Alone,Excavationpro,27,QM-42K-23-53905,,,J:\ALL SOUND FILES\. KICK STREAM FOLDER\1 SOUNDCLOUD  DISTRO KID\27\Walking Alone QM42K2353905.wav,Walking Alone QM42K2353905.wav
switched sides on you hoes,Excavationpro,20,QM-42K-23-55253,,,J:\ALL SOUND FILES\. KICK STREAM FOLDER\1 SOUNDCLOUD  DISTRO KID\20\switched sides on you hoes QM42K2355253.wav,switched sides on you hoes QM42K2355253.wav
Star Struck,Excavationpro,27,QM-42K-23-58626,,,J:\ALL SOUND FILES\. KICK STREAM FOLDER\1 SOUNDCLOUD  DISTRO KID\27\Star Struck QM42K2358626.wav,Star Struck QM42K2358626.wav
Cheated On Me Bpm136,Excavationpro,26,QM-42K-23-59345,,,J:\ALL SOUND FILES\. KICK STREAM FOLDER\1 SOUNDCLOUD  DISTRO KID\26\Cheated On Me Bpm136 QM42K2359345.wav,Cheated On Me Bpm136 QM42K2359345.wav
See Me Coming BeatStars Beat,Excavationpro,Instrumentals,QM-42K-23-67538,,,J:\ALL SOUND FILES\. KICK STREAM FOLDER\HOME\HOME\1 SOUNDCLOUD  DISTRO KID\30\Instrumentals\See Me Coming BeatStars Beat QM42K2367538.wav,See Me Coming BeatStars Beat QM42K2367538.wav
No Second Chances feat Justin Helmer (1),Excavationpro,22,QM-42K-23-68270,,,J:\ALL SOUND FILES\. KICK STREAM FOLDER\1 SOUNDCLOUD  DISTRO KID\22\No Second Chances feat Justin Helmer (1) QM42K2368270.wav,No Second Chances feat Justin Helmer (1) QM42K2368270.wav
Dreaming In Color Instrumental,Excavationpro,21,QM-42K-23-69387,,,J:\ALL SOUND FILES\. KICK STREAM FOLDER\1 SOUNDCLOUD  DISTRO KID\21\Dreaming In Color Instrumental QM42K2369387.wav,Dreaming In Color Instrumental QM42K2369387.wav
Zen Chill65,Excavationpro,20,QM-42K-23-71226,,,J:\ALL SOUND FILES\. KICK STREAM FOLDER\1 SOUNDCLOUD  DISTRO KID\20\Zen Chill65 QM42K2371226.mp3,Zen Chill65 QM42K2371226.mp3
Crunked 440,Excavationpro,25,QM-42K-23-72984,,,J:\ALL SOUND FILES\. KICK STREAM FOLDER\1 SOUNDCLOUD  DISTRO KID\25\Crunked 440 QM42K2372984.wav,Crunked 440 QM42K2372984.wav
Riddler,Excavationpro,25,QM-42K-23-74366,,,J:\ALL SOUND FILES\. KICK STREAM FOLDER\1 SOUNDCLOUD  DISTRO KID\25\Riddler QM42K2374366.wav,Riddler QM42K2374366.wav
Spaced X,Excavationpro,24,QM-42K-23-75072,,,J:\ALL SOUND FILES\. KICK STREAM FOLDER\1 SOUNDCLOUD  DISTRO KID\24\Spaced X QM42K2375072.wav,Spaced X QM42K2375072.wav
Lost Lover,Excavationpro,24,QM-42K-23-80883,,,J:\ALL SOUND FILES\. KICK STREAM FOLDER\1 SOUNDCLOUD  DISTRO KID\24\Lost Lover QM42K2380883.wav,Lost Lover QM42K2380883.wav
Dharma,Excavationpro,25,QM-42K-23-81127,,,J:\ALL SOUND FILES\. KICK STREAM FOLDER\1 SOUNDCLOUD  DISTRO KID\25\Dharma QM42K2381127.wav,Dharma QM42K2381127.wav
Blocked,Excavationpro,instrumentals,QM-42K-23-83164,,,J:\ALL SOUND FILES\. KICK STREAM FOLDER\HOME\HOME\1 SOUNDCLOUD  DISTRO KID\0 DONE ALBUM\28\instrumentals\Blocked QM42K2383164.mp3,Blocked QM42K2383164.mp3
Train Crash,Excavationpro,26,QM-42K-23-83674,,,J:\ALL SOUND FILES\. KICK STREAM FOLDER\1 SOUNDCLOUD  DISTRO KID\26\Train Crash QM42K2383674.wav,Train Crash QM42K2383674.wav
Energy 808 Heat Beat,Excavationpro,Instrumentals,QM-42K-23-88134,,,J:\ALL SOUND FILES\. KICK STREAM FOLDER\HOME\HOME\1 SOUNDCLOUD  DISTRO KID\30\Instrumentals\Energy 808 Heat Beat QM42K2388134.wav,Energy 808 Heat Beat QM42K2388134.wav
Hip Hop Beat Loop Expro 30,Excavationpro,20,QM-42K-23-89922,,,J:\ALL SOUND FILES\. KICK STREAM FOLDER\1 SOUNDCLOUD  DISTRO KID\20\Hip Hop Beat Loop Expro 30 QM42K2389922.wav,Hip Hop Beat Loop Expro 30 QM42K2389922.wav
chronically absent,Excavationpro,7,QM-42K-24-00329,,,J:\ALL SOUND FILES\. KICK STREAM FOLDER\1 SOUNDCLOUD  DISTRO KID\0 DONE ALBUM\7\chronically absent QM42K2400329.wav,chronically absent QM42K2400329.wav
Chillax,Excavationpro,7,QM-42K-24-05746,,,J:\ALL SOUND FILES\. KICK STREAM FOLDER\1 SOUNDCLOUD  DISTRO KID\0 DONE ALBUM\7\Chillax QM42K2405746.wav,Chillax QM42K2405746.wav
Impact,Excavationpro,New folder,QM-42K-24-05951,,,J:\ALL SOUND FILES\. KICK STREAM FOLDER\1 SOUNDCLOUD  DISTRO KID\0 DONE ALBUM\10\New folder\Impact QM42K2405951.wav,Impact QM42K2405951.wav
Bad Men Remix feat Justin Helmer Short,Excavationpro,16,QM-42K-24-09833,,,J:\ALL SOUND FILES\. KICK STREAM FOLDER\1 SOUNDCLOUD  DISTRO KID\16\Bad Men Remix feat Justin Helmer Short QM42K2409833.wav,Bad Men Remix feat Justin Helmer Short QM42K2409833.wav
Social Media Player,Excavationpro,Done,QM-42K-24-17104,,,J:\ALL SOUND FILES\. KICK STREAM FOLDER\1 SOUNDCLOUD  DISTRO KID\0 DONE ALBUM\15\Done\Social Media Player QM42K2417104.wav,Social Media Player QM42K2417104.wav
Volcano Instrumental Beat,Excavationpro,16,QM-42K-24-31419,,,J:\ALL SOUND FILES\. KICK STREAM FOLDER\1 SOUNDCLOUD  DISTRO KID\16\Volcano Instrumental Beat QM42K2431419.wav,Volcano Instrumental Beat QM42K2431419.wav
Impossible,Excavationpro,6,QM-42K-24-36702,,,J:\ALL SOUND FILES\. KICK STREAM FOLDER\1 SOUNDCLOUD  DISTRO KID\0 DONE ALBUM\6\Impossible QM42K2436702.wav,Impossible QM42K2436702.wav
Touch,Excavationpro,New folder,QM-42K-24-42401,,,J:\ALL SOUND FILES\. KICK STREAM FOLDER\1 SOUNDCLOUD  DISTRO KID\0 DONE ALBUM\10\New folder\Touch QM42K2442401.wav,Touch QM42K2442401.wav
Master,Excavationpro,Master,QM-42K-24-47592,,,J:\ALL SOUND FILES\. KICK STREAM FOLDER\DESKTOP\HOME\Master\Master QM42K2447592.wav,Master QM42K2447592.wav
Astroglide,Excavationpro,DONE,QM-42K-24-49969,,,J:\ALL SOUND FILES\. KICK STREAM FOLDER\1 SOUNDCLOUD  DISTRO KID\0 DONE ALBUM\13\DONE\Astroglide QM42K2449969.wav,Astroglide QM42K2449969.wav
Tactics,Excavationpro,6,QM-42K-24-55957,,,J:\ALL SOUND FILES\. KICK STREAM FOLDER\1 SOUNDCLOUD  DISTRO KID\0 DONE ALBUM\6\Tactics QM42K2455957.wav,Tactics QM42K2455957.wav
Waves,Excavationpro,DONE,QM-42K-24-62295,,,J:\ALL SOUND FILES\. KICK STREAM FOLDER\1 SOUNDCLOUD  DISTRO KID\0 DONE ALBUM\13\DONE\Waves QM42K2462295.wav,Waves QM42K2462295.wav
Ride The Wave,Excavationpro,New folder,QM-42K-24-65004,,,J:\ALL SOUND FILES\. KICK STREAM FOLDER\1 SOUNDCLOUD  DISTRO KID\0 DONE ALBUM\15\New folder\Ride The Wave QM42K2465004.wav,Ride The Wave QM42K2465004.wav
Disorder,Excavationpro,8,QM-42K-24-66961,,,J:\ALL SOUND FILES\. KICK STREAM FOLDER\1 SOUNDCLOUD  DISTRO KID\0 DONE ALBUM\8\Disorder QM42K2466961.wav,Disorder QM42K2466961.wav
Prime,Excavationpro,6,QM-42K-24-67177,,,J:\ALL SOUND FILES\. KICK STREAM FOLDER\1 SOUNDCLOUD  DISTRO KID\0 DONE ALBUM\6\Prime QM42K2467177.wav,Prime QM42K2467177.wav
Booty Bounce ft Justin Helmer (Mastered with Thunder at 90pct),Excavationpro,9,QM-42K-24-68899,,,J:\ALL SOUND FILES\. KICK STREAM FOLDER\1 SOUNDCLOUD  DISTRO KID\0 DONE ALBUM\9\Booty Bounce ft Justin Helmer (Mastered with Thunder at 90pct) QM42K2468899.wav,Booty Bounce ft Justin Helmer (Mastered with Thunder at 90pct) QM42K2468899.wav
Energy,Excavationpro,Done,QM-42K-24-68969,,,J:\ALL SOUND FILES\. KICK STREAM FOLDER\HOME\HOME\1 SOUNDCLOUD  DISTRO KID\0 DONE ALBUM\9\Done\Energy QM42K2468969.wav,Energy QM42K2468969.wav
Reaction ft Justin Helmer,Excavationpro,8,QM-42K-24-73676,,,J:\ALL SOUND FILES\. KICK STREAM FOLDER\1 SOUNDCLOUD  DISTRO KID\0 DONE ALBUM\8\Reaction ft Justin Helmer QM42K2473676.wav,Reaction ft Justin Helmer QM42K2473676.wav
Fight Back feat Jake Buzzard,Excavationpro,5,QM-42K-24-74167,,,J:\ALL SOUND FILES\. KICK STREAM FOLDER\1 SOUNDCLOUD  DISTRO KID\0 DONE ALBUM\5\Fight Back feat Jake Buzzard QM42K2474167.wav,Fight Back feat Jake Buzzard QM42K2474167.wav
On Your Block Open Verse,Excavationpro,15,QM-42K-24-78966,,,J:\ALL SOUND FILES\. KICK STREAM FOLDER\1 SOUNDCLOUD  DISTRO KID\0 DONE ALBUM\15\On Your Block Open Verse QM42K2478966.wav,On Your Block Open Verse QM42K2478966.wav
Worship,Excavationpro,DONE,QM-42K-24-79605,,,J:\ALL SOUND FILES\. KICK STREAM FOLDER\1 SOUNDCLOUD  DISTRO KID\0 DONE ALBUM\14\DONE\Worship QM42K2479605.wav,Worship QM42K2479605.wav
New World Music,Excavationpro,New folder,QM-42K-24-88279,,,J:\ALL SOUND FILES\. KICK STREAM FOLDER\1 SOUNDCLOUD  DISTRO KID\0 DONE ALBUM\12\New folder\New World Music QM42K2488279.wav,New World Music QM42K2488279.wav
Load The Microphone,Excavationpro,DONE,QM-42K-24-88410,,,J:\ALL SOUND FILES\. KICK STREAM FOLDER\1 SOUNDCLOUD  DISTRO KID\0 DONE ALBUM\13\DONE\Load The Microphone QM42K2488410.wav,Load The Microphone QM42K2488410.wav
Robot Cyborg feat Justin Helmer Shawn Zuspaet,Excavationpro,4,QM-42K-25-04732,,,J:\ALL SOUND FILES\. KICK STREAM FOLDER\1 SOUNDCLOUD  DISTRO KID\0 DONE ALBUM\4\Robot Cyborg feat Justin Helmer Shawn Zuspaet QM42K2504732.wav,Robot Cyborg feat Justin Helmer Shawn Zuspaet QM42K2504732.wav
Mindbug feat Justin Helmer Jake Buzzard,Excavationpro,5,QM-42K-25-12432,,,J:\ALL SOUND FILES\. KICK STREAM FOLDER\1 SOUNDCLOUD  DISTRO KID\0 DONE ALBUM\5\Mindbug feat Justin Helmer Jake Buzzard QM42K2512432.wav,Mindbug feat Justin Helmer Jake Buzzard QM42K2512432.wav
Sonic Whisper feat Justin Helmer,Excavationpro,3,QM-42K-25-17183,,,J:\ALL SOUND FILES\. KICK STREAM FOLDER\1 SOUNDCLOUD  DISTRO KID\0 DONE ALBUM\3\Sonic Whisper feat Justin Helmer QM42K2517183.wav,Sonic Whisper feat Justin Helmer QM42K2517183.wav
Temporary Heaven,Excavationpro,2,QM-42K-25-28687,,,J:\ALL SOUND FILES\. KICK STREAM FOLDER\1 SOUNDCLOUD  DISTRO KID\0 DONE ALBUM\2\Temporary Heaven QM42K2528687.wav,Temporary Heaven QM42K2528687.wav
Heartfelt Melodies,Excavationpro,Done,QM-42K-25-46965,,,J:\ALL SOUND FILES\. KICK STREAM FOLDER\1 SOUNDCLOUD  DISTRO KID\0 DONE ALBUM\4\Done\Heartfelt Melodies QM42K2546965.wav,Heartfelt Melodies QM42K2546965.wav
RobotCyborgHybrid feat Justin Helmer,Excavationpro,4,QM-42K-25-87141,,,J:\ALL SOUND FILES\. KICK STREAM FOLDER\1 SOUNDCLOUD  DISTRO KID\0 DONE ALBUM\4\RobotCyborgHybrid feat Justin Helmer QM42K2587141.wav,RobotCyborgHybrid feat Justin Helmer QM42K2587141.wav
Bamboozle feat Jake Buzzard Justin Helmer,Excavationpro,5,QM-42K-25-92593,,,J:\ALL SOUND FILES\. KICK STREAM FOLDER\1 SOUNDCLOUD  DISTRO KID\0 DONE ALBUM\5\Bamboozle feat Jake Buzzard Justin Helmer QM42K2592593.wav,Bamboozle feat Jake Buzzard Justin Helmer QM42K2592593.wav
Chaos Warrior feat SteelCityRed,Excavationpro,4,QM-42K-25-94840,,,J:\ALL SOUND FILES\. KICK STREAM FOLDER\1 SOUNDCLOUD  DISTRO KID\0 DONE ALBUM\4\Chaos Warrior feat SteelCityRed QM42K2594840.wav,Chaos Warrior feat SteelCityRed QM42K2594840.wav
Digital Serenade HD feat Justin Helmer,Excavationpro,Done,QZ-K6J-25-25568,,,J:\ALL SOUND FILES\. KICK STREAM FOLDER\1 SOUNDCLOUD  DISTRO KID\0 DONE ALBUM\1\Done\Digital Serenade HD feat Justin Helmer QZK6J2525568.wav,Digital Serenade HD feat Justin Helmer QZK6J2525568.wav
hd Sunset Algorithm HD Mastered feat Justin Helmer,Excavationpro,1,QZ-K6J-25-33001,,,J:\ALL SOUND FILES\. KICK STREAM FOLDER\1 SOUNDCLOUD  DISTRO KID\0 DONE ALBUM\1\hd_Sunset Algorithm HD Mastered feat Justin Helmer QZK6J2533001.wav,hd_Sunset Algorithm HD Mastered feat Justin Helmer QZK6J2533001.wav
hd Quantum Heartbeat,Excavationpro,Done,QZ-K6J-25-54708,,,J:\ALL SOUND FILES\. KICK STREAM FOLDER\1 SOUNDCLOUD  DISTRO KID\0 DONE ALBUM\1\Done\hd_Quantum Heartbeat QZK6J2554708.wav,hd_Quantum Heartbeat QZK6J2554708.wav
hd System Lock feat Justin Helmer,Excavationpro,1,QZ-K6K-25-14884,,,J:\ALL SOUND FILES\. KICK STREAM FOLDER\1 SOUNDCLOUD  DISTRO KID\0 DONE ALBUM\1\hd_System Lock feat Justin Helmer QZK6K2514884.wav,hd_System Lock feat Justin Helmer QZK6K2514884.wav
Zero Gravity Blur,Excavationpro,2,QZ-K6L-25-34243,,,J:\ALL SOUND FILES\. KICK STREAM FOLDER\1 SOUNDCLOUD  DISTRO KID\0 DONE ALBUM\2\Zero Gravity Blur QZK6L2534243.wav,Zero Gravity Blur QZK6L2534243.wav
hd Pixel Paradise,Excavationpro,Done,QZ-K6L-25-56304,,,J:\ALL SOUND FILES\. KICK STREAM FOLDER\1 SOUNDCLOUD  DISTRO KID\0 DONE ALBUM\1\Done\hd_Pixel Paradise QZK6L2556304.wav,hd_Pixel Paradise QZK6L2556304.wav
hd Lunar Echo,Excavationpro,Done,QZ-K6L-25-58644,,,J:\ALL SOUND FILES\. KICK STREAM FOLDER\1 SOUNDCLOUD  DISTRO KID\0 DONE ALBUM\1\Done\hd_Lunar Echo QZK6L2558644.wav,hd_Lunar Echo QZK6L2558644.wav
Thunder Claps feat Justin Helmer,Excavationpro,2,QZ-K6M-25-19272,,,J:\ALL SOUND FILES\. KICK STREAM FOLDER\1 SOUNDCLOUD  DISTRO KID\0 DONE ALBUM\2\Thunder Claps feat Justin Helmer QZK6M2519272.wav,Thunder Claps feat Justin Helmer QZK6M2519272.wav
Bleeding Out feat Justin Helmer,Excavationpro,1,QZ-K6M-25-75311,,,J:\ALL SOUND FILES\. KICK STREAM FOLDER\1 SOUNDCLOUD  DISTRO KID\0 DONE ALBUM\1\Bleeding Out feat Justin Helmer QZK6M2575311.wav,Bleeding Out feat Justin Helmer QZK6M2575311.wav
Brain Flipped,Excavationpro,Done,QZ-K6M-25-94364,,,J:\ALL SOUND FILES\. KICK STREAM FOLDER\1 SOUNDCLOUD  DISTRO KID\0 DONE ALBUM\3\Done\Brain Flipped QZK6M2594364.wav,Brain Flipped QZK6M2594364.wav
Cooked Instrumental Beat (1),Excavationpro,18,QZ-KDK-22-05700,,,J:\ALL SOUND FILES\. KICK STREAM FOLDER\1 SOUNDCLOUD  DISTRO KID\18\Cooked Instrumental Beat (1) QZKDK2205700.wav,Cooked Instrumental Beat (1) QZKDK2205700.wav
Goodbye Baby Instrumental,Excavationpro,PG 38,QZ-KDK-22-05985,,,J:\ALL SOUND FILES\. KICK STREAM FOLDER\HOME\HOME\1 SOUNDCLOUD  DISTRO KID\PG 38\Goodbye Baby Instrumental QZKDK2205985.wav,Goodbye Baby Instrumental QZKDK2205985.wav
Zen Garden Sonata Instrumental Beat,Excavationpro,17,QZ-KDK-22-20904,,,J:\ALL SOUND FILES\. KICK STREAM FOLDER\1 SOUNDCLOUD  DISTRO KID\17\Zen Garden Sonata Instrumental Beat QZKDK2220904.wav,Zen Garden Sonata Instrumental Beat QZKDK2220904.wav
Road Thunder (Mastered with Thunder at 100pct),Excavationpro,PG 38,QZ-KDK-22-29822,,,J:\ALL SOUND FILES\. KICK STREAM FOLDER\HOME\HOME\1 SOUNDCLOUD  DISTRO KID\PG 38\Road Thunder (Mastered with Thunder at 100pct) QZKDK2229822.wav,Road Thunder (Mastered with Thunder at 100pct) QZKDK2229822.wav
Metaverse Love Matrix Ft Daivin,Excavationpro,Vocals,QZ-KDK-22-34319,,,J:\ALL SOUND FILES\. KICK STREAM FOLDER\HOME\HOME\1 SOUNDCLOUD  DISTRO KID\30\Vocals\Metaverse Love Matrix Ft Daivin QZKDK2234319.wav,Metaverse Love Matrix Ft Daivin QZKDK2234319.wav
March Madness,Excavationpro,Done,QZ-KDK-22-35821,,,J:\ALL SOUND FILES\. KICK STREAM FOLDER\HOME\HOME\1 SOUNDCLOUD  DISTRO KID\PG 37\Vocals\Done\March Madness QZKDK2235821.wav,March Madness QZKDK2235821.wav
ENOCHS JOURNEY INSTRUMENTAL (Mastered with Clear Sky at 100pct),Excavationpro,PG 38,QZ-KDK-22-44577,,,J:\ALL SOUND FILES\. KICK STREAM FOLDER\HOME\HOME\1 SOUNDCLOUD  DISTRO KID\PG 38\ENOCHS JOURNEY INSTRUMENTAL (Mastered with Clear Sky at 100pct) QZKDK2244577.wav,ENOCHS JOURNEY INSTRUMENTAL (Mastered with Clear Sky at 100pct) QZKDK2244577.wav
Chaos Theory Instrumental Loop,Excavationpro,PG 38,QZ-KDK-22-52235,,,J:\ALL SOUND FILES\. KICK STREAM FOLDER\HOME\HOME\1 SOUNDCLOUD  DISTRO KID\PG 38\Chaos Theory Instrumental Loop QZKDK2252235.wav,Chaos Theory Instrumental Loop QZKDK2252235.wav
I heard you Instrumental,Excavationpro,PG 38,QZ-KDK-22-57914,,,J:\ALL SOUND FILES\. KICK STREAM FOLDER\HOME\HOME\1 SOUNDCLOUD  DISTRO KID\PG 38\I heard you Instrumental QZKDK2257914.wav,I heard you Instrumental QZKDK2257914.wav
Moody Instrumental Beat,Excavationpro,16,QZ-KDK-22-65620,,,J:\ALL SOUND FILES\. KICK STREAM FOLDER\1 SOUNDCLOUD  DISTRO KID\16\Moody Instrumental Beat QZKDK2265620.wav,Moody Instrumental Beat QZKDK2265620.wav
Voices Instrumental Beat,Excavationpro,18,QZ-KDK-22-68105,,,J:\ALL SOUND FILES\. KICK STREAM FOLDER\1 SOUNDCLOUD  DISTRO KID\18\Voices Instrumental Beat QZKDK2268105.wav,Voices Instrumental Beat QZKDK2268105.wav
Houp Barboss Russian Rap,Excavationpro,17,QZ-KDK-22-69247,,,J:\ALL SOUND FILES\. KICK STREAM FOLDER\1 SOUNDCLOUD  DISTRO KID\17\Houp Barboss Russian Rap QZKDK2269247.wav,Houp Barboss Russian Rap QZKDK2269247.wav
Murda Clap Yella Belly Drag Racing Anthem,Excavationpro,Vocals,QZ-KDK-22-75122,,,J:\ALL SOUND FILES\. KICK STREAM FOLDER\HOME\HOME\1 SOUNDCLOUD  DISTRO KID\30\Vocals\Murda Clap Yella Belly Drag Racing Anthem QZKDK2275122.wav,Murda Clap Yella Belly Drag Racing Anthem QZKDK2275122.wav
Low Key You Don't Know Me by Excavationpro,Excavationpro,Vocals,QZ-KDK-22-89369,,,J:\ALL SOUND FILES\. KICK STREAM FOLDER\HOME\HOME\1 SOUNDCLOUD  DISTRO KID\30\Vocals\Low Key You Don't Know Me by Excavationpro QZKDK2289369.wav,Low Key You Don't Know Me by Excavationpro QZKDK2289369.wav
Trip Trip Yea Clean (1),Excavationpro,Instrumentals,QZ-KDK-22-93375,,,J:\ALL SOUND FILES\. KICK STREAM FOLDER\HOME\HOME\1 SOUNDCLOUD  DISTRO KID\30\Instrumentals\Trip Trip Yea Clean (1) QZKDK2293375.wav,Trip Trip Yea Clean (1) QZKDK2293375.wav
Illusion,Excavationpro,18,QZ-KDK-22-95619,,,J:\ALL SOUND FILES\. KICK STREAM FOLDER\1 SOUNDCLOUD  DISTRO KID\18\Illusion QZKDK2295619.wav,Illusion QZKDK2295619.wav
Welcome To Eden,Excavationpro,Instrumentals,QZ-MHK-22-01135,,,J:\ALL SOUND FILES\. KICK STREAM FOLDER\HOME\HOME\1 SOUNDCLOUD  DISTRO KID\32\Instrumentals\Welcome To Eden QZMHK2201135.wav,Welcome To Eden QZMHK2201135.wav
Talk to Me Lucia,Excavationpro,Done,QZ-MHK-22-01770,,,J:\ALL SOUND FILES\. KICK STREAM FOLDER\HOME\HOME\1 SOUNDCLOUD  DISTRO KID\PG 37\Vocals\Done\Talk to Me Lucia QZMHK2201770.wav,Talk to Me Lucia QZMHK2201770.wav
Bedtime Stories Instrumental Melody 88,Excavationpro,18,QZ-MHK-22-03568,,,J:\ALL SOUND FILES\. KICK STREAM FOLDER\1 SOUNDCLOUD  DISTRO KID\18\Bedtime Stories Instrumental Melody 88 QZMHK2203568.wav,Bedtime Stories Instrumental Melody 88 QZMHK2203568.wav
Lucid Reality Beatstars Beat,Excavationpro,Instrumentals,QZ-MHK-22-07265,,,J:\ALL SOUND FILES\. KICK STREAM FOLDER\HOME\HOME\1 SOUNDCLOUD  DISTRO KID\30\Instrumentals\Lucid Reality Beatstars Beat QZMHK2207265.wav,Lucid Reality Beatstars Beat QZMHK2207265.wav
Born Like This,Excavationpro,Vocals,QZ-MHK-22-09958,,,J:\ALL SOUND FILES\. KICK STREAM FOLDER\HOME\HOME\1 SOUNDCLOUD  DISTRO KID\31\Vocals\Born Like This QZMHK2209958.wav,Born Like This QZMHK2209958.wav
Next Level Instrumental Beat,Excavationpro,18,QZ-MHK-22-14357,,,J:\ALL SOUND FILES\. KICK STREAM FOLDER\1 SOUNDCLOUD  DISTRO KID\18\Next Level Instrumental Beat QZMHK2214357.wav,Next Level Instrumental Beat QZMHK2214357.wav
3AM POPPIN Dnkus Beat,Excavationpro,Vocals,QZ-MHK-22-19985,,,J:\ALL SOUND FILES\. KICK STREAM FOLDER\HOME\HOME\1 SOUNDCLOUD  DISTRO KID\34\Vocals\3AM POPPIN Dnkus Beat QZMHK2219985.wav,3AM POPPIN Dnkus Beat QZMHK2219985.wav
"Light  Inside my Darkness ft. Ashes and Dreams, FeezMuzik, Justin Helmer (Mastered with Thunder at 100pct)",Excavationpro,Vocals,QZ-MHK-22-24655,,,"J:\ALL SOUND FILES\. KICK STREAM FOLDER\HOME\HOME\1 SOUNDCLOUD  DISTRO KID\31\Vocals\Light  Inside my Darkness ft. Ashes and Dreams, FeezMuzik, Justin Helmer (Mastered with Thunder at 100pct) QZMHK2224655.wav","Light  Inside my Darkness ft. Ashes and Dreams, FeezMuzik, Justin Helmer (Mastered with Thunder at 100pct) QZMHK2224655.wav"
Magic Man,Excavationpro,Instrumentals,QZ-MHK-22-35906,,,J:\ALL SOUND FILES\. KICK STREAM FOLDER\HOME\HOME\1 SOUNDCLOUD  DISTRO KID\32\Instrumentals\Magic Man QZMHK2235906.wav,Magic Man QZMHK2235906.wav
Like  Dynamite  BeatStars Beat 124Bpm,Excavationpro,Vocals,QZ-MHK-22-38788,,,J:\ALL SOUND FILES\. KICK STREAM FOLDER\HOME\HOME\1 SOUNDCLOUD  DISTRO KID\30\Vocals\Like  Dynamite  BeatStars Beat 124Bpm QZMHK2238788.wav,Like  Dynamite  BeatStars Beat 124Bpm QZMHK2238788.wav
Sun Dance,Excavationpro,Instrumentals,QZ-MHK-22-42171,,,J:\ALL SOUND FILES\. KICK STREAM FOLDER\HOME\HOME\1 SOUNDCLOUD  DISTRO KID\33\Instrumentals\Sun Dance QZMHK2242171.wav,Sun Dance QZMHK2242171.wav
Eternal Agony,Excavationpro,Done,QZ-MHK-22-43753,,,J:\ALL SOUND FILES\. KICK STREAM FOLDER\HOME\HOME\1 SOUNDCLOUD  DISTRO KID\PG 37\Vocals\Done\Eternal Agony QZMHK2243753.wav,Eternal Agony QZMHK2243753.wav
"Spanish Lover ft. Ashesndreams, Justin Helmer,",Excavationpro,Vocals,QZ-MHK-22-44656,,,"J:\ALL SOUND FILES\. KICK STREAM FOLDER\HOME\HOME\1 SOUNDCLOUD  DISTRO KID\30\Vocals\Spanish Lover ft. Ashesndreams, Justin Helmer, QZMHK2244656.wav","Spanish Lover ft. Ashesndreams, Justin Helmer, QZMHK2244656.wav"
Black Out Instrumental Beat,Excavationpro,18,QZ-MHK-22-51751,,,J:\ALL SOUND FILES\. KICK STREAM FOLDER\1 SOUNDCLOUD  DISTRO KID\18\Black Out Instrumental Beat QZMHK2251751.wav,Black Out Instrumental Beat QZMHK2251751.wav
Don't Let Go (Mastered with Aurora at 100pct),Excavationpro,vocal,QZ-MHK-22-51949,,,J:\ALL SOUND FILES\. KICK STREAM FOLDER\HOME\HOME\1 SOUNDCLOUD  DISTRO KID\36\vocal\Don't Let Go (Mastered with Aurora at 100pct) QZMHK2251949.wav,Don't Let Go (Mastered with Aurora at 100pct) QZMHK2251949.wav
Crow,Excavationpro,18,QZ-MHK-22-56402,,,J:\ALL SOUND FILES\. KICK STREAM FOLDER\1 SOUNDCLOUD  DISTRO KID\18\Crow QZMHK2256402.wav,Crow QZMHK2256402.wav
Big Sleeve Rap to it Remix Challenge,Excavationpro,17,QZ-MHK-22-58307,,,J:\ALL SOUND FILES\. KICK STREAM FOLDER\1 SOUNDCLOUD  DISTRO KID\17\Big Sleeve Rap to it Remix Challenge QZMHK2258307.wav,Big Sleeve Rap to it Remix Challenge QZMHK2258307.wav
Pills Straight from the Streets,Excavationpro,Vocals,QZ-MHK-22-58425,,,J:\ALL SOUND FILES\. KICK STREAM FOLDER\HOME\HOME\1 SOUNDCLOUD  DISTRO KID\34\Vocals\Pills Straight from the Streets QZMHK2258425.wav,Pills Straight from the Streets QZMHK2258425.wav
Never thought I'd Come Up,Excavationpro,Vocals,QZ-MHK-22-60888,,,J:\ALL SOUND FILES\. KICK STREAM FOLDER\HOME\HOME\1 SOUNDCLOUD  DISTRO KID\PG 37\Vocals\Never thought I'd Come Up QZMHK2260888.wav,Never thought I'd Come Up QZMHK2260888.wav
Loser or Lover,Excavationpro,Instrumentals,QZ-MHK-22-61540,,,J:\ALL SOUND FILES\. KICK STREAM FOLDER\HOME\HOME\1 SOUNDCLOUD  DISTRO KID\32\Instrumentals\Loser or Lover QZMHK2261540.wav,Loser or Lover QZMHK2261540.wav
rap 100 beat stars banger smooth xpro 1 TK12018673,Excavationpro,instrumental,QZ-MHK-22-64793,,,J:\ALL SOUND FILES\. KICK STREAM FOLDER\HOME\HOME\1 SOUNDCLOUD  DISTRO KID\34\instrumental\rap-100-beat-stars-banger-smooth-xpro-1_TK12018673 QZMHK2264793.wav,rap-100-beat-stars-banger-smooth-xpro-1_TK12018673 QZMHK2264793.wav
Reality Relief,Excavationpro,Instrumentals,QZ-MHK-22-65253,,,J:\ALL SOUND FILES\. KICK STREAM FOLDER\HOME\HOME\1 SOUNDCLOUD  DISTRO KID\33\Instrumentals\Reality Relief QZMHK2265253.wav,Reality Relief QZMHK2265253.wav
3AM POPPIN (1) (Mastered with Sunroof at 100pct),Excavationpro,vocal,QZ-MHK-22-66101,,,J:\ALL SOUND FILES\. KICK STREAM FOLDER\HOME\HOME\1 SOUNDCLOUD  DISTRO KID\36\vocal\3AM POPPIN (1) (Mastered with Sunroof at 100pct) QZMHK2266101.wav,3AM POPPIN (1) (Mastered with Sunroof at 100pct) QZMHK2266101.wav
Listen Closely,Excavationpro,Instrumentals,QZ-MHK-22-76694,,,J:\ALL SOUND FILES\. KICK STREAM FOLDER\HOME\HOME\1 SOUNDCLOUD  DISTRO KID\33\Instrumentals\Listen Closely QZMHK2276694.wav,Listen Closely QZMHK2276694.wav
Distant Horizon,Excavationpro,Instrumentals,QZ-MHK-22-79488,,,J:\ALL SOUND FILES\. KICK STREAM FOLDER\HOME\HOME\1 SOUNDCLOUD  DISTRO KID\30\Instrumentals\Distant Horizon QZMHK2279488.wav,Distant Horizon QZMHK2279488.wav
Lolly Pop Pop Poppin,Excavationpro,Instrumentals,QZ-MHK-22-89518,,,J:\ALL SOUND FILES\. KICK STREAM FOLDER\HOME\HOME\1 SOUNDCLOUD  DISTRO KID\33\Instrumentals\Lolly Pop Pop Poppin QZMHK2289518.wav,Lolly Pop Pop Poppin QZMHK2289518.wav
Date Night,Excavationpro,18,QZ-MHK-22-95998,,,J:\ALL SOUND FILES\. KICK STREAM FOLDER\1 SOUNDCLOUD  DISTRO KID\18\Date Night QZMHK2295998.wav,Date Night QZMHK2295998.wav
Grok 9000,Excavationpro,17,QZ-MHK-22-99968,,,J:\ALL SOUND FILES\. KICK STREAM FOLDER\1 SOUNDCLOUD  DISTRO KID\17\Grok 9000 QZMHK2299968.wav,Grok 9000 QZMHK2299968.wav
300 Broken Pieces,Excavationpro,25,QZ-MHK-23-03318,,,J:\ALL SOUND FILES\. KICK STREAM FOLDER\1 SOUNDCLOUD  DISTRO KID\25\300 Broken Pieces QZMHK2303318.wav,300 Broken Pieces QZMHK2303318.wav
Settle,Excavationpro,20,QZ-MHK-23-03904,,,J:\ALL SOUND FILES\. KICK STREAM FOLDER\1 SOUNDCLOUD  DISTRO KID\20\Settle QZMHK2303904.mp3,Settle QZMHK2303904.mp3
Knock Knock Freestyle Open Verse,Excavationpro,Vocals,QZ-MHK-23-04241,,,J:\ALL SOUND FILES\. KICK STREAM FOLDER\HOME\HOME\1 SOUNDCLOUD  DISTRO KID\30\Vocals\Knock Knock Freestyle Open Verse QZMHK2304241.wav,Knock Knock Freestyle Open Verse QZMHK2304241.wav
Synth Movement,Excavationpro,24,QZ-MHK-23-19787,,,J:\ALL SOUND FILES\. KICK STREAM FOLDER\1 SOUNDCLOUD  DISTRO KID\24\Synth Movement QZMHK2319787.wav,Synth Movement QZMHK2319787.wav
Spiritual Wave,Excavationpro,24,QZ-MHK-23-22783,,,J:\ALL SOUND FILES\. KICK STREAM FOLDER\1 SOUNDCLOUD  DISTRO KID\24\Spiritual Wave QZMHK2322783.wav,Spiritual Wave QZMHK2322783.wav
Devastated133,Excavationpro,26,QZ-MHK-23-34544,,,J:\ALL SOUND FILES\. KICK STREAM FOLDER\1 SOUNDCLOUD  DISTRO KID\26\Devastated133 QZMHK2334544.wav,Devastated133 QZMHK2334544.wav
Soul Crusher Instrumental,Excavationpro,20,QZ-MHK-23-51888,,,J:\ALL SOUND FILES\. KICK STREAM FOLDER\1 SOUNDCLOUD  DISTRO KID\20\Soul Crusher Instrumental QZMHK2351888.wav,Soul Crusher Instrumental QZMHK2351888.wav
Bustin Nutz,Excavationpro,25,QZ-MHK-23-56655,,,J:\ALL SOUND FILES\. KICK STREAM FOLDER\1 SOUNDCLOUD  DISTRO KID\25\Bustin Nutz QZMHK2356655.wav,Bustin Nutz QZMHK2356655.wav
Limited Edition (Mastered with Thunder at 95pct),Excavationpro,22,QZ-MHK-23-78412,,,J:\ALL SOUND FILES\. KICK STREAM FOLDER\1 SOUNDCLOUD  DISTRO KID\22\Limited Edition (Mastered with Thunder at 95pct) QZMHK2378412.wav,Limited Edition (Mastered with Thunder at 95pct) QZMHK2378412.wav
Eagle Eye Instrumental,Excavationpro,20,QZ-MHK-23-80413,,,J:\ALL SOUND FILES\. KICK STREAM FOLDER\1 SOUNDCLOUD  DISTRO KID\20\Eagle Eye Instrumental QZMHK2380413.wav,Eagle Eye Instrumental QZMHK2380413.wav
Maniac Remastered106,Excavationpro,22,QZ-MHK-23-80806,,,J:\ALL SOUND FILES\. KICK STREAM FOLDER\1 SOUNDCLOUD  DISTRO KID\22\Maniac Remastered106 QZMHK2380806.wav,Maniac Remastered106 QZMHK2380806.wav
Soul Vibrations,Excavationpro,22,QZ-MHK-23-82156,,,J:\ALL SOUND FILES\. KICK STREAM FOLDER\1 SOUNDCLOUD  DISTRO KID\22\Soul Vibrations QZMHK2382156.wav,Soul Vibrations QZMHK2382156.wav
Lord Jsu,Excavationpro,25,QZ-MHK-23-88169,,,J:\ALL SOUND FILES\. KICK STREAM FOLDER\1 SOUNDCLOUD  DISTRO KID\25\Lord Jsu QZMHK2388169.wav,Lord Jsu QZMHK2388169.wav
They Will Never Know,Excavationpro,23,QZ-MHK-23-90120,,,J:\ALL SOUND FILES\. KICK STREAM FOLDER\1 SOUNDCLOUD  DISTRO KID\23\They Will Never Know QZMHK2390120.wav,They Will Never Know QZMHK2390120.wav
Energy 808 TikTok Freestyle,Excavationpro,Instrumentals,QZ-MHK-23-92453,,,J:\ALL SOUND FILES\. KICK STREAM FOLDER\HOME\HOME\1 SOUNDCLOUD  DISTRO KID\30\Instrumentals\Energy 808 TikTok Freestyle QZMHK2392453.wav,Energy 808 TikTok Freestyle QZMHK2392453.wav
Intelligent Design,Excavationpro,25,QZ-MHK-23-98972,,,J:\ALL SOUND FILES\. KICK STREAM FOLDER\1 SOUNDCLOUD  DISTRO KID\25\Intelligent Design QZMHK2398972.wav,Intelligent Design QZMHK2398972.wav
Red Light District HD,Excavationpro,Red Light District,QZ-MHK-24-05478,,,J:\ALL SOUND FILES\. KICK STREAM FOLDER\DESKTOP\HOME\Red Light District\Red Light District HD QZMHK2405478.wav,Red Light District HD QZMHK2405478.wav
Bumping to Blow,Excavationpro,Done,QZ-MHK-24-18541,,,J:\ALL SOUND FILES\. KICK STREAM FOLDER\HOME\HOME\1 SOUNDCLOUD  DISTRO KID\0 DONE ALBUM\9\Done\Bumping to Blow QZMHK2418541.wav,Bumping to Blow QZMHK2418541.wav
The End Instrumental Beat,Excavationpro,16,QZ-MHK-24-20031,,,J:\ALL SOUND FILES\. KICK STREAM FOLDER\1 SOUNDCLOUD  DISTRO KID\16\The End Instrumental Beat QZMHK2420031.wav,The End Instrumental Beat QZMHK2420031.wav
Lethal Frequency,Excavationpro,Done,QZ-MHK-24-20219,,,J:\ALL SOUND FILES\. KICK STREAM FOLDER\1 SOUNDCLOUD  DISTRO KID\0 DONE ALBUM\15\Done\Lethal Frequency QZMHK2420219.wav,Lethal Frequency QZMHK2420219.wav
Blowing Up,Excavationpro,Done,QZ-MHK-24-25232,,,J:\ALL SOUND FILES\. KICK STREAM FOLDER\1 SOUNDCLOUD  DISTRO KID\0 DONE ALBUM\8\Done\Blowing Up QZMHK2425232.wav,Blowing Up QZMHK2425232.wav
Dream,Excavationpro,New folder,QZ-MHK-24-29319,,,J:\ALL SOUND FILES\. KICK STREAM FOLDER\1 SOUNDCLOUD  DISTRO KID\0 DONE ALBUM\12\New folder\Dream QZMHK2429319.wav,Dream QZMHK2429319.wav
Stimulation,Excavationpro,New folder,QZ-MHK-24-34481,,,J:\ALL SOUND FILES\. KICK STREAM FOLDER\1 SOUNDCLOUD  DISTRO KID\0 DONE ALBUM\8\New folder\Stimulation QZMHK2434481.wav,Stimulation QZMHK2434481.wav
Fallout,Excavationpro,DONE,QZ-MHK-24-35896,,,J:\ALL SOUND FILES\. KICK STREAM FOLDER\1 SOUNDCLOUD  DISTRO KID\0 DONE ALBUM\14\DONE\Fallout QZMHK2435896.wav,Fallout QZMHK2435896.wav
Dead ft Justin Helmer,Excavationpro,8,QZ-MHK-24-38820,,,J:\ALL SOUND FILES\. KICK STREAM FOLDER\1 SOUNDCLOUD  DISTRO KID\0 DONE ALBUM\8\Dead ft Justin Helmer QZMHK2438820.wav,Dead ft Justin Helmer QZMHK2438820.wav
Eternity,Excavationpro,DONE,QZ-MHK-24-47564,,,J:\ALL SOUND FILES\. KICK STREAM FOLDER\1 SOUNDCLOUD  DISTRO KID\0 DONE ALBUM\14\DONE\Eternity QZMHK2447564.wav,Eternity QZMHK2447564.wav
Invisible,Excavationpro,6,QZ-MHK-24-67021,,,J:\ALL SOUND FILES\. KICK STREAM FOLDER\1 SOUNDCLOUD  DISTRO KID\0 DONE ALBUM\6\Invisible QZMHK2467021.wav,Invisible QZMHK2467021.wav
Secret World,Excavationpro,New folder,QZ-MHK-24-75931,,,J:\ALL SOUND FILES\. KICK STREAM FOLDER\HOME\HOME\1 SOUNDCLOUD  DISTRO KID\0 DONE ALBUM\9\New folder\Secret World QZMHK2475931.wav,Secret World QZMHK2475931.wav
Cats,Excavationpro,Done,QZ-MHK-24-79017,,,J:\ALL SOUND FILES\. KICK STREAM FOLDER\HOME\HOME\1 SOUNDCLOUD  DISTRO KID\0 DONE ALBUM\9\Done\Cats QZMHK2479017.wav,Cats QZMHK2479017.wav
Lock Down Instrumental Beat,Excavationpro,New folder,QZ-MHK-24-80199,,,J:\ALL SOUND FILES\. KICK STREAM FOLDER\1 SOUNDCLOUD  DISTRO KID\0 DONE ALBUM\15\New folder\Lock Down Instrumental Beat QZMHK2480199.wav,Lock Down Instrumental Beat QZMHK2480199.wav
Bugged Brain feat Justin Helmer,Excavationpro,15,QZ-MHK-24-93238,,,J:\ALL SOUND FILES\. KICK STREAM FOLDER\1 SOUNDCLOUD  DISTRO KID\0 DONE ALBUM\15\Bugged Brain feat Justin Helmer  QZMHK2493238.wav,Bugged Brain feat Justin Helmer  QZMHK2493238.wav
Iconoclast,Excavationpro,7,QZ-MHK-24-96392,,,J:\ALL SOUND FILES\. KICK STREAM FOLDER\1 SOUNDCLOUD  DISTRO KID\0 DONE ALBUM\7\Iconoclast QZMHK2496392.wav,Iconoclast QZMHK2496392.wav
Sonder,Excavationpro,7,QZ-MHK-24-97957,,,J:\ALL SOUND FILES\. KICK STREAM FOLDER\1 SOUNDCLOUD  DISTRO KID\0 DONE ALBUM\7\Sonder QZMHK2497957.wav,Sonder QZMHK2497957.wav
Punked,Excavationpro,New folder,QZ-MHK-24-99694,,,J:\ALL SOUND FILES\. KICK STREAM FOLDER\HOME\HOME\1 SOUNDCLOUD  DISTRO KID\0 DONE ALBUM\9\New folder\Punked QZMHK2499694.wav,Punked QZMHK2499694.wav
Toxic Rain in My Head feat Justin Helmer,Excavationpro,2,QZ-MHK-25-17788,,,J:\ALL SOUND FILES\. KICK STREAM FOLDER\1 SOUNDCLOUD  DISTRO KID\0 DONE ALBUM\2\Toxic Rain in My Head feat Justin Helmer QZMHK2517788.wav,Toxic Rain in My Head feat Justin Helmer QZMHK2517788.wav
Terminated with Ego feat Justin Helmer,Excavationpro,2,QZ-MHK-25-48756,,,J:\ALL SOUND FILES\. KICK STREAM FOLDER\1 SOUNDCLOUD  DISTRO KID\0 DONE ALBUM\2\Terminated with Ego feat Justin Helmer QZMHK2548756.wav,Terminated with Ego feat Justin Helmer QZMHK2548756.wav
Boom Boom Boom HD,Excavationpro,4,QZ-MHK-25-77079,,,J:\ALL SOUND FILES\. KICK STREAM FOLDER\1 SOUNDCLOUD  DISTRO KID\0 DONE ALBUM\4\Boom Boom Boom HD QZMHK2577079.wav,Boom Boom Boom HD QZMHK2577079.wav
Ghost of a Summer,Excavationpro,2,QZ-MHK-25-97161,,,J:\ALL SOUND FILES\. KICK STREAM FOLDER\1 SOUNDCLOUD  DISTRO KID\0 DONE ALBUM\2\Ghost of a Summer QZMHK2597161.wav,Ghost of a Summer QZMHK2597161.wav
Soul Extraction,Excavationpro,Instrumentals,QZ-MHL-22-03104,,,J:\ALL SOUND FILES\. KICK STREAM FOLDER\HOME\HOME\1 SOUNDCLOUD  DISTRO KID\33\Instrumentals\Soul Extraction QZMHL2203104.wav,Soul Extraction QZMHL2203104.wav
Play Time Club Beat,Excavationpro,Vocals,QZ-MHL-22-05886,,,J:\ALL SOUND FILES\. KICK STREAM FOLDER\HOME\HOME\1 SOUNDCLOUD  DISTRO KID\PG 37\Vocals\Play Time Club Beat QZMHL2205886.wav,Play Time Club Beat QZMHL2205886.wav
Violin Freestyle Beat Loop One,Excavationpro,Vocals,QZ-MHL-22-06672,,,J:\ALL SOUND FILES\. KICK STREAM FOLDER\HOME\HOME\1 SOUNDCLOUD  DISTRO KID\PG 37\Vocals\Violin Freestyle Beat Loop One QZMHL2206672.wav,Violin Freestyle Beat Loop One QZMHL2206672.wav
Flying High,Excavationpro,17,QZ-MHL-22-08044,,,J:\ALL SOUND FILES\. KICK STREAM FOLDER\1 SOUNDCLOUD  DISTRO KID\17\Flying High QZMHL2208044.wav,Flying High QZMHL2208044.wav
Ding a ling ling ling Finer Than Your Mans (Mastered with Thunder at 100pct),Excavationpro,Vocals,QZ-MHL-22-21928,,,J:\ALL SOUND FILES\. KICK STREAM FOLDER\HOME\HOME\1 SOUNDCLOUD  DISTRO KID\34\Vocals\Ding a ling ling ling Finer Than Your Mans (Mastered with Thunder at 100pct) QZMHL2221928.wav,Ding a ling ling ling Finer Than Your Mans (Mastered with Thunder at 100pct) QZMHL2221928.wav
Retro World,Excavationpro,18,QZ-MHL-22-23171,,,J:\ALL SOUND FILES\. KICK STREAM FOLDER\1 SOUNDCLOUD  DISTRO KID\18\Retro World QZMHL2223171.wav,Retro World QZMHL2223171.wav
Dreaming Beat,Excavationpro,Instrumentals,QZ-MHL-22-27707,,,J:\ALL SOUND FILES\. KICK STREAM FOLDER\HOME\HOME\1 SOUNDCLOUD  DISTRO KID\33\Instrumentals\Dreaming Beat QZMHL2227707.wav,Dreaming Beat QZMHL2227707.wav
ALL A DREAM,Excavationpro,instrumental,QZ-MHL-22-38371,,,J:\ALL SOUND FILES\. KICK STREAM FOLDER\HOME\HOME\1 SOUNDCLOUD  DISTRO KID\34\instrumental\ALL A DREAM QZMHL2238371.wav,ALL A DREAM QZMHL2238371.wav
Street Legal Beat,Excavationpro,Done,QZ-MHL-22-39843,,,J:\ALL SOUND FILES\. KICK STREAM FOLDER\HOME\HOME\1 SOUNDCLOUD  DISTRO KID\PG 37\Vocals\Done\Street Legal Beat QZMHL2239843.wav,Street Legal Beat QZMHL2239843.wav
Because I flipped 136bpm Mastered,Excavationpro,Vocals,QZ-MHL-22-42220,,,J:\ALL SOUND FILES\. KICK STREAM FOLDER\HOME\HOME\1 SOUNDCLOUD  DISTRO KID\30\Vocals\Because I flipped 136bpm Mastered QZMHL2242220.wav,Because I flipped 136bpm Mastered QZMHL2242220.wav
Get What I Deserve,Excavationpro,17,QZ-MHL-22-48931,,,J:\ALL SOUND FILES\. KICK STREAM FOLDER\1 SOUNDCLOUD  DISTRO KID\17\Get What I Deserve QZMHL2248931.wav,Get What I Deserve QZMHL2248931.wav
"Booty Buster ft Justin Helmer, Toriii",Excavationpro,Vocals,QZ-MHL-22-51010,,,"J:\ALL SOUND FILES\. KICK STREAM FOLDER\HOME\HOME\1 SOUNDCLOUD  DISTRO KID\30\Vocals\Booty Buster ft Justin Helmer, Toriii QZMHL2251010.wav","Booty Buster ft Justin Helmer, Toriii QZMHL2251010.wav"
Redneck Canadian (Mastered with Sunroof at 100pct),Excavationpro,vocal,QZ-MHL-22-57032,,,J:\ALL SOUND FILES\. KICK STREAM FOLDER\HOME\HOME\1 SOUNDCLOUD  DISTRO KID\36\vocal\Redneck Canadian (Mastered with Sunroof at 100pct) QZMHL2257032.wav,Redneck Canadian (Mastered with Sunroof at 100pct) QZMHL2257032.wav
New Year Vibe,Excavationpro,16,QZ-MHL-22-58147,,,J:\ALL SOUND FILES\. KICK STREAM FOLDER\1 SOUNDCLOUD  DISTRO KID\16\New Year Vibe QZMHL2258147.wav,New Year Vibe QZMHL2258147.wav
New World Gangster,Excavationpro,Vocals,QZ-MHL-22-67950,,,J:\ALL SOUND FILES\. KICK STREAM FOLDER\HOME\HOME\1 SOUNDCLOUD  DISTRO KID\31\Vocals\New World Gangster QZMHL2267950.wav,New World Gangster QZMHL2267950.wav
Kiss Me Instrumental Beat,Excavationpro,17,QZ-MHL-22-69168,,,J:\ALL SOUND FILES\. KICK STREAM FOLDER\1 SOUNDCLOUD  DISTRO KID\17\Kiss Me Instrumental Beat QZMHL2269168.wav,Kiss Me Instrumental Beat QZMHL2269168.wav
Are You Ready Beat (Mastered with Aurora at 100pct),Excavationpro,vocal,QZ-MHL-22-78847,,,J:\ALL SOUND FILES\. KICK STREAM FOLDER\HOME\HOME\1 SOUNDCLOUD  DISTRO KID\36\vocal\Are You Ready Beat (Mastered with Aurora at 100pct) QZMHL2278847.wav,Are You Ready Beat (Mastered with Aurora at 100pct) QZMHL2278847.wav
Money Funking Hit feat Justin Helmer,Excavationpro,19,QZ-MHL-22-82003,,,J:\ALL SOUND FILES\. KICK STREAM FOLDER\1 SOUNDCLOUD  DISTRO KID\19\Money Funking Hit feat Justin Helmer QZMHL2282003.wav,Money Funking Hit feat Justin Helmer QZMHL2282003.wav
Freak Under The Sheets Done,Excavationpro,Vocals,QZ-MHL-22-83584,,,J:\ALL SOUND FILES\. KICK STREAM FOLDER\HOME\HOME\1 SOUNDCLOUD  DISTRO KID\PG 37\Vocals\Freak Under The Sheets Done QZMHL2283584.wav,Freak Under The Sheets Done QZMHL2283584.wav
Love Life BeatStars Instrumental,Excavationpro,Instrumentals,QZ-MHL-22-84053,,,J:\ALL SOUND FILES\. KICK STREAM FOLDER\HOME\HOME\1 SOUNDCLOUD  DISTRO KID\30\Instrumentals\Love Life BeatStars Instrumental QZMHL2284053.wav,Love Life BeatStars Instrumental QZMHL2284053.wav
Boss Shh Hit (Feat FeezMuzik),Excavationpro,Vocals,QZ-MHL-22-85755,,,J:\ALL SOUND FILES\. KICK STREAM FOLDER\HOME\HOME\1 SOUNDCLOUD  DISTRO KID\31\Vocals\Boss Shh Hit (Feat FeezMuzik) QZMHL2285755.wav,Boss Shh Hit (Feat FeezMuzik) QZMHL2285755.wav
Million Dolla Shh Hit,Excavationpro,Vocals,QZ-MHL-22-86763,,,J:\ALL SOUND FILES\. KICK STREAM FOLDER\HOME\HOME\1 SOUNDCLOUD  DISTRO KID\31\Vocals\Million Dolla Shh Hit QZMHL2286763.wav,Million Dolla Shh Hit QZMHL2286763.wav
Never Gave A Fuk Limiter Extended (Mastered with Thunder at 100pct),Excavationpro,Vocals,QZ-MHL-22-89399,,,J:\ALL SOUND FILES\. KICK STREAM FOLDER\HOME\HOME\1 SOUNDCLOUD  DISTRO KID\34\Vocals\Never Gave A Fuk Limiter Extended (Mastered with Thunder at 100pct) QZMHL2289399.wav,Never Gave A Fuk Limiter Extended (Mastered with Thunder at 100pct) QZMHL2289399.wav
Never thought I'd Come Up Instrumental,Excavationpro,Done,QZ-MHL-22-92979,,,J:\ALL SOUND FILES\. KICK STREAM FOLDER\HOME\HOME\1 SOUNDCLOUD  DISTRO KID\PG 37\Vocals\Done\Never thought I'd Come Up Instrumental QZMHL2292979.wav,Never thought I'd Come Up Instrumental QZMHL2292979.wav
Holla Remember Me,Excavationpro,Instrumentals,QZ-MHL-22-93074,,,J:\ALL SOUND FILES\. KICK STREAM FOLDER\HOME\HOME\1 SOUNDCLOUD  DISTRO KID\32\Instrumentals\Holla Remember Me QZMHL2293074.wav,Holla Remember Me QZMHL2293074.wav
Dance Daddy Club Beat,Excavationpro,Done,QZ-MHL-22-95937,,,J:\ALL SOUND FILES\. KICK STREAM FOLDER\HOME\HOME\1 SOUNDCLOUD  DISTRO KID\PG 37\Vocals\Done\Dance Daddy Club Beat  QZMHL2295937.wav,Dance Daddy Club Beat  QZMHL2295937.wav
Heart Attack,Excavationpro,25,QZ-MHL-23-07913,,,J:\ALL SOUND FILES\. KICK STREAM FOLDER\1 SOUNDCLOUD  DISTRO KID\25\Heart Attack QZMHL2307913.wav,Heart Attack QZMHL2307913.wav
Struggle (Mastered with Thunder at 95pct),Excavationpro,24,QZ-MHL-23-09520,,,J:\ALL SOUND FILES\. KICK STREAM FOLDER\1 SOUNDCLOUD  DISTRO KID\24\Struggle (Mastered with Thunder at 95pct) QZMHL2309520.wav,Struggle (Mastered with Thunder at 95pct) QZMHL2309520.wav
Rap Shitt,Excavationpro,21,QZ-MHL-23-11018,,,J:\ALL SOUND FILES\. KICK STREAM FOLDER\1 SOUNDCLOUD  DISTRO KID\21\Rap Shitt QZMHL2311018.mp3,Rap Shitt QZMHL2311018.mp3
Hexed Open Verse Beat,Excavationpro,Vocals,QZ-MHL-23-15438,,,J:\ALL SOUND FILES\. KICK STREAM FOLDER\HOME\HOME\1 SOUNDCLOUD  DISTRO KID\30\Vocals\Hexed Open Verse Beat QZMHL2315438.wav,Hexed Open Verse Beat QZMHL2315438.wav
Survived The Flip feat Justin Helmer,Excavationpro,20,QZ-MHL-23-24942,,,J:\ALL SOUND FILES\. KICK STREAM FOLDER\1 SOUNDCLOUD  DISTRO KID\20\Survived The Flip feat Justin Helmer QZMHL2324942.wav,Survived The Flip feat Justin Helmer QZMHL2324942.wav
Eternal Debts,Excavationpro,22,QZ-MHL-23-26133,,,J:\ALL SOUND FILES\. KICK STREAM FOLDER\1 SOUNDCLOUD  DISTRO KID\22\Eternal Debts QZMHL2326133.wav,Eternal Debts QZMHL2326133.wav
Sweet Dreams,Excavationpro,22,QZ-MHL-23-29862,,,J:\ALL SOUND FILES\. KICK STREAM FOLDER\1 SOUNDCLOUD  DISTRO KID\22\Sweet Dreams QZMHL2329862.wav,Sweet Dreams QZMHL2329862.wav
Hurt Quake Open Verse,Excavationpro,Vocals,QZ-MHL-23-33211,,,J:\ALL SOUND FILES\. KICK STREAM FOLDER\HOME\HOME\1 SOUNDCLOUD  DISTRO KID\30\Vocals\Hurt Quake Open Verse QZMHL2333211.wav,Hurt Quake Open Verse QZMHL2333211.wav
Mind Meld Guitar Symphony,Excavationpro,instrumentals,QZ-MHL-23-34274,,,J:\ALL SOUND FILES\. KICK STREAM FOLDER\HOME\HOME\1 SOUNDCLOUD  DISTRO KID\0 DONE ALBUM\28\instrumentals\Mind Meld Guitar Symphony QZMHL2334274.wav,Mind Meld Guitar Symphony QZMHL2334274.wav
Warlock,Excavationpro,19,QZ-MHL-23-37528,,,J:\ALL SOUND FILES\. KICK STREAM FOLDER\1 SOUNDCLOUD  DISTRO KID\19\Warlock QZMHL2337528.wav,Warlock QZMHL2337528.wav
Zig Zag,Excavationpro,27,QZ-MHL-23-45515,,,J:\ALL SOUND FILES\. KICK STREAM FOLDER\1 SOUNDCLOUD  DISTRO KID\27\Zig Zag QZMHL2345515.mp3,Zig Zag QZMHL2345515.mp3
Witcher,Excavationpro,22,QZ-MHL-23-49843,,,J:\ALL SOUND FILES\. KICK STREAM FOLDER\1 SOUNDCLOUD  DISTRO KID\22\Witcher QZMHL2349843.wav,Witcher QZMHL2349843.wav
Hip Full Clips 808 Freestyle,Excavationpro,Vocals,QZ-MHL-23-53513,,,J:\ALL SOUND FILES\. KICK STREAM FOLDER\HOME\HOME\1 SOUNDCLOUD  DISTRO KID\30\Vocals\Hip Full Clips 808 Freestyle QZMHL2353513.wav,Hip Full Clips 808 Freestyle QZMHL2353513.wav
Ride The Pony Type Chick,Excavationpro,Vocals,QZ-MHL-23-59280,,,J:\ALL SOUND FILES\. KICK STREAM FOLDER\HOME\HOME\1 SOUNDCLOUD  DISTRO KID\30\Vocals\Ride The Pony Type Chick QZMHL2359280.wav,Ride The Pony Type Chick QZMHL2359280.wav
Life is a Rollercoaster,Excavationpro,24,QZ-MHL-23-66421,,,J:\ALL SOUND FILES\. KICK STREAM FOLDER\1 SOUNDCLOUD  DISTRO KID\24\Life is a Rollercoaster QZMHL2366421.wav,Life is a Rollercoaster QZMHL2366421.wav
Solar Eclipse Instrumental,Excavationpro,21,QZ-MHL-23-75670,,,J:\ALL SOUND FILES\. KICK STREAM FOLDER\1 SOUNDCLOUD  DISTRO KID\21\Solar Eclipse Instrumental QZMHL2375670.wav,Solar Eclipse Instrumental QZMHL2375670.wav
Freak on Repeat,Excavationpro,21,QZ-MHL-23-77339,,,J:\ALL SOUND FILES\. KICK STREAM FOLDER\1 SOUNDCLOUD  DISTRO KID\21\Freak on Repeat QZMHL2377339.wav,Freak on Repeat QZMHL2377339.wav
Fight,Excavationpro,Instrumentals,QZ-MHL-23-86082,,,J:\ALL SOUND FILES\. KICK STREAM FOLDER\HOME\HOME\1 SOUNDCLOUD  DISTRO KID\30\Instrumentals\Fight QZMHL2386082.wav,Fight QZMHL2386082.wav
Disabled Army,Excavationpro,23,QZ-MHL-23-87124,,,J:\ALL SOUND FILES\. KICK STREAM FOLDER\1 SOUNDCLOUD  DISTRO KID\23\Disabled Army QZMHL2387124.wav,Disabled Army QZMHL2387124.wav
Exited,Excavationpro,20,QZ-MHL-23-89482,,,J:\ALL SOUND FILES\. KICK STREAM FOLDER\1 SOUNDCLOUD  DISTRO KID\20\Exited QZMHL2389482.mp3,Exited QZMHL2389482.mp3
Forever,Excavationpro,26,QZ-MHL-23-90755,,,J:\ALL SOUND FILES\. KICK STREAM FOLDER\1 SOUNDCLOUD  DISTRO KID\26\Forever QZMHL2390755.wav,Forever QZMHL2390755.wav
Super Nova,Excavationpro,25,QZ-MHL-23-93254,,,J:\ALL SOUND FILES\. KICK STREAM FOLDER\1 SOUNDCLOUD  DISTRO KID\25\Super Nova QZMHL2393254.wav,Super Nova QZMHL2393254.wav
Tidal Wave,Excavationpro,19,QZ-MHL-23-93734,,,J:\ALL SOUND FILES\. KICK STREAM FOLDER\1 SOUNDCLOUD  DISTRO KID\19\Tidal Wave QZMHL2393734.wav,Tidal Wave QZMHL2393734.wav
Watched You Lose Me,Excavationpro,21,QZ-MHL-23-94262,,,J:\ALL SOUND FILES\. KICK STREAM FOLDER\1 SOUNDCLOUD  DISTRO KID\21\Watched You Lose Me QZMHL2394262.wav,Watched You Lose Me QZMHL2394262.wav
Deep Breath,Excavationpro,26,QZ-MHL-23-98515,,,J:\ALL SOUND FILES\. KICK STREAM FOLDER\1 SOUNDCLOUD  DISTRO KID\26\Deep Breath QZMHL2398515.wav,Deep Breath QZMHL2398515.wav
Sky Ice,Excavationpro,New folder,QZ-MHL-24-01583,,,J:\ALL SOUND FILES\. KICK STREAM FOLDER\HOME\HOME\1 SOUNDCLOUD  DISTRO KID\0 DONE ALBUM\9\New folder\Sky Ice QZMHL2401583.wav,Sky Ice QZMHL2401583.wav
Always Be Mine,Excavationpro,DONE,QZ-MHL-24-06415,,,J:\ALL SOUND FILES\. KICK STREAM FOLDER\1 SOUNDCLOUD  DISTRO KID\0 DONE ALBUM\14\DONE\Always Be Mine QZMHL2406415.wav,Always Be Mine QZMHL2406415.wav
Remember What I Say feat Justin Helmer,Excavationpro,11,QZ-MHL-24-13624,,,J:\ALL SOUND FILES\. KICK STREAM FOLDER\1 SOUNDCLOUD  DISTRO KID\0 DONE ALBUM\11\Remember What I Say feat Justin Helmer QZMHL2413624.wav,Remember What I Say feat Justin Helmer QZMHL2413624.wav
Matrix,Excavationpro,Done,QZ-MHL-24-19432,,,J:\ALL SOUND FILES\. KICK STREAM FOLDER\1 SOUNDCLOUD  DISTRO KID\0 DONE ALBUM\11\Done\Matrix QZMHL2419432.wav,Matrix QZMHL2419432.wav
Shockwave ft Justin Helmer,Excavationpro,8,QZ-MHL-24-20109,,,J:\ALL SOUND FILES\. KICK STREAM FOLDER\1 SOUNDCLOUD  DISTRO KID\0 DONE ALBUM\8\Shockwave ft Justin Helmer QZMHL2420109.wav,Shockwave ft Justin Helmer QZMHL2420109.wav
Clappin Instrumental Beat (1),Excavationpro,New folder,QZ-MHL-24-22343,,,J:\ALL SOUND FILES\. KICK STREAM FOLDER\1 SOUNDCLOUD  DISTRO KID\0 DONE ALBUM\15\New folder\Clappin Instrumental Beat (1) QZMHL2422343.wav,Clappin Instrumental Beat (1) QZMHL2422343.wav
Isolation,Excavationpro,Done,QZ-MHL-24-23328,,,J:\ALL SOUND FILES\. KICK STREAM FOLDER\1 SOUNDCLOUD  DISTRO KID\0 DONE ALBUM\10\New folder\Done\Done\Isolation QZMHL2423328.wav,Isolation QZMHL2423328.wav
Mine Craft,Excavationpro,New folder,QZ-MHL-24-33599,,,J:\ALL SOUND FILES\. KICK STREAM FOLDER\1 SOUNDCLOUD  DISTRO KID\0 DONE ALBUM\12\New folder\Mine Craft QZMHL2433599.wav,Mine Craft QZMHL2433599.wav
Chain Of Thought,Excavationpro,New folder,QZ-MHL-24-38224,,,J:\ALL SOUND FILES\. KICK STREAM FOLDER\HOME\HOME\1 SOUNDCLOUD  DISTRO KID\0 DONE ALBUM\9\New folder\Chain Of Thought QZMHL2438224.wav,Chain Of Thought QZMHL2438224.wav
Terror Nation,Excavationpro,New folder,QZ-MHL-24-44439,,,J:\ALL SOUND FILES\. KICK STREAM FOLDER\1 SOUNDCLOUD  DISTRO KID\0 DONE ALBUM\8\New folder\Terror Nation QZMHL2444439.wav,Terror Nation QZMHL2444439.wav
Country Driving,Excavationpro,DONE,QZ-MHL-24-45724,,,J:\ALL SOUND FILES\. KICK STREAM FOLDER\1 SOUNDCLOUD  DISTRO KID\0 DONE ALBUM\13\DONE\Country Driving QZMHL2445724.wav,Country Driving QZMHL2445724.wav
Ascended,Excavationpro,New folder,QZ-MHL-24-57652,,,J:\ALL SOUND FILES\. KICK STREAM FOLDER\HOME\HOME\1 SOUNDCLOUD  DISTRO KID\0 DONE ALBUM\9\New folder\Ascended QZMHL2457652.wav,Ascended QZMHL2457652.wav
Uhh Ohh Here We Go,Excavationpro,15,QZ-MHL-24-58335,,,J:\ALL SOUND FILES\. KICK STREAM FOLDER\1 SOUNDCLOUD  DISTRO KID\0 DONE ALBUM\15\Uhh Ohh Here We Go QZMHL2458335.wav,Uhh Ohh Here We Go QZMHL2458335.wav
Rizz,Excavationpro,7,QZ-MHL-24-58418,,,J:\ALL SOUND FILES\. KICK STREAM FOLDER\1 SOUNDCLOUD  DISTRO KID\0 DONE ALBUM\7\Rizz QZMHL2458418.wav,Rizz QZMHL2458418.wav
Clowning ft Justin Helmer (Mastered with Sunroof at 95pct),Excavationpro,6,QZ-MHL-24-68372,,,J:\ALL SOUND FILES\. KICK STREAM FOLDER\1 SOUNDCLOUD  DISTRO KID\0 DONE ALBUM\6\Clowning ft Justin Helmer (Mastered with Sunroof at 95pct) QZMHL2468372.wav,Clowning ft Justin Helmer (Mastered with Sunroof at 95pct) QZMHL2468372.wav
Broken feat Justin Helmer,Excavationpro,11,QZ-MHL-24-68532,,,J:\ALL SOUND FILES\. KICK STREAM FOLDER\1 SOUNDCLOUD  DISTRO KID\0 DONE ALBUM\11\Broken feat Justin Helmer QZMHL2468532.wav,Broken feat Justin Helmer QZMHL2468532.wav
Mirror,Excavationpro,6,QZ-MHL-24-73409,,,J:\ALL SOUND FILES\. KICK STREAM FOLDER\1 SOUNDCLOUD  DISTRO KID\0 DONE ALBUM\6\Mirror QZMHL2473409.wav,Mirror QZMHL2473409.wav
Dramatic,Excavationpro,7,QZ-MHL-24-73877,,,J:\ALL SOUND FILES\. KICK STREAM FOLDER\1 SOUNDCLOUD  DISTRO KID\0 DONE ALBUM\7\Dramatic QZMHL2473877.wav,Dramatic QZMHL2473877.wav
Sunshine,Excavationpro,Done,QZ-MHL-24-83909,,,J:\ALL SOUND FILES\. KICK STREAM FOLDER\1 SOUNDCLOUD  DISTRO KID\0 DONE ALBUM\15\Done\Sunshine QZMHL2483909.wav,Sunshine QZMHL2483909.wav
Fly Now Open Verse,Excavationpro,15,QZ-MHL-24-85201,,,J:\ALL SOUND FILES\. KICK STREAM FOLDER\1 SOUNDCLOUD  DISTRO KID\0 DONE ALBUM\15\Fly Now Open Verse QZMHL2485201.wav,Fly Now Open Verse QZMHL2485201.wav
Catchy  Instrumental,Excavationpro,New folder,QZ-MHL-24-89990,,,J:\ALL SOUND FILES\. KICK STREAM FOLDER\1 SOUNDCLOUD  DISTRO KID\0 DONE ALBUM\15\New folder\Catchy -Instrumental QZMHL2489990.wav,Catchy -Instrumental QZMHL2489990.wav
Dark,Excavationpro,Done,QZ-MHL-24-93691,,,J:\ALL SOUND FILES\. KICK STREAM FOLDER\HOME\HOME\1 SOUNDCLOUD  DISTRO KID\0 DONE ALBUM\9\Done\Dark  QZMHL2493691.wav,Dark  QZMHL2493691.wav
Firefly Nights (1),Excavationpro,2,QZ-MHL-25-08273,,,J:\ALL SOUND FILES\. KICK STREAM FOLDER\1 SOUNDCLOUD  DISTRO KID\0 DONE ALBUM\2\Firefly Nights (1) QZMHL2508273.wav,Firefly Nights (1) QZMHL2508273.wav
Expander,Excavationpro,4,QZ-MHL-25-09083,,,J:\ALL SOUND FILES\. KICK STREAM FOLDER\1 SOUNDCLOUD  DISTRO KID\0 DONE ALBUM\4\Expander QZMHL2509083.wav,Expander QZMHL2509083.wav
hd Club Gibberish feat Justin Helmer,Excavationpro,1,QZ-MHL-25-11793,,,J:\ALL SOUND FILES\. KICK STREAM FOLDER\1 SOUNDCLOUD  DISTRO KID\0 DONE ALBUM\1\hd_Club Gibberish feat Justin Helmer QZMHL2511793.wav,hd_Club Gibberish feat Justin Helmer QZMHL2511793.wav
Code Flow King feat Justin Helmer,Excavationpro,3,QZ-MHL-25-20790,,,J:\ALL SOUND FILES\. KICK STREAM FOLDER\1 SOUNDCLOUD  DISTRO KID\0 DONE ALBUM\3\Code Flow King feat Justin Helmer QZMHL2520790.wav,Code Flow King feat Justin Helmer QZMHL2520790.wav
Cypher Lord,Excavationpro,Cypher Lord,QZ-MHL-25-32714,,,J:\ALL SOUND FILES\2026 NEW MUSIC\Music\Cypher Lord\Cypher Lord QZMHL2532714.wav,Cypher Lord QZMHL2532714.wav
Colliding Cypher feat Justin Helmer,Excavationpro,2,QZ-MHL-25-44315,,,J:\ALL SOUND FILES\. KICK STREAM FOLDER\1 SOUNDCLOUD  DISTRO KID\0 DONE ALBUM\2\Colliding Cypher feat Justin Helmer QZMHL2544315.wav,Colliding Cypher feat Justin Helmer QZMHL2544315.wav
Decoys Extended,Excavationpro,3,QZ-MHL-25-83904,,,J:\ALL SOUND FILES\. KICK STREAM FOLDER\1 SOUNDCLOUD  DISTRO KID\0 DONE ALBUM\3\Decoys Extended QZMHL2583904.wav,Decoys Extended QZMHL2583904.wav
Alarming,Excavationpro,Done,QZ-MHL-25-93977,,,J:\ALL SOUND FILES\. KICK STREAM FOLDER\1 SOUNDCLOUD  DISTRO KID\0 DONE ALBUM\3\Done\Alarming QZMHL2593977.wav,Alarming QZMHL2593977.wav
Fools Gold,Excavationpro,Vocals,QZ-MHM-22-06992,,,J:\ALL SOUND FILES\. KICK STREAM FOLDER\HOME\HOME\1 SOUNDCLOUD  DISTRO KID\31\Vocals\Fools Gold QZMHM2206992.wav,Fools Gold QZMHM2206992.wav
Zero Gravity,Excavationpro,Done,QZ-MHM-22-09331,,,J:\ALL SOUND FILES\. KICK STREAM FOLDER\HOME\HOME\1 SOUNDCLOUD  DISTRO KID\PG 37\Vocals\Done\Zero Gravity QZMHM2209331.wav,Zero Gravity QZMHM2209331.wav
One Life One Chance,Excavationpro,Instrumentals,QZ-MHM-22-18173,,,J:\ALL SOUND FILES\. KICK STREAM FOLDER\HOME\HOME\1 SOUNDCLOUD  DISTRO KID\32\Instrumentals\One Life One Chance QZMHM2218173.wav,One Life One Chance QZMHM2218173.wav
mystic 133 chill vibe beat stars xpro 0 TK12014068,Excavationpro,instrumental,QZ-MHM-22-19978,,,J:\ALL SOUND FILES\. KICK STREAM FOLDER\HOME\HOME\1 SOUNDCLOUD  DISTRO KID\34\instrumental\mystic-133-chill-vibe-beat-stars-xpro-0_TK12014068 QZMHM2219978.wav,mystic-133-chill-vibe-beat-stars-xpro-0_TK12014068 QZMHM2219978.wav
Cold Cold Heart,Excavationpro,Vocals,QZ-MHM-22-20308,,,J:\ALL SOUND FILES\. KICK STREAM FOLDER\HOME\HOME\1 SOUNDCLOUD  DISTRO KID\PG 37\Vocals\Cold Cold Heart QZMHM2220308.wav,Cold Cold Heart QZMHM2220308.wav
Midnight Madness,Excavationpro,18,QZ-MHM-22-23936,,,J:\ALL SOUND FILES\. KICK STREAM FOLDER\1 SOUNDCLOUD  DISTRO KID\18\Midnight Madness QZMHM2223936.wav,Midnight Madness QZMHM2223936.wav
Ghosted,Excavationpro,Instrumentals,QZ-MHM-22-25302,,,J:\ALL SOUND FILES\. KICK STREAM FOLDER\HOME\HOME\1 SOUNDCLOUD  DISTRO KID\32\Instrumentals\Ghosted QZMHM2225302.mp3,Ghosted QZMHM2225302.mp3
With you until the end Ft Ashesndreams Justin Helmer,Excavationpro,Vocals,QZ-MHM-22-30932,,,J:\ALL SOUND FILES\. KICK STREAM FOLDER\HOME\HOME\1 SOUNDCLOUD  DISTRO KID\30\Vocals\With you until the end Ft Ashesndreams Justin Helmer QZMHM2230932.wav,With you until the end Ft Ashesndreams Justin Helmer QZMHM2230932.wav
Last Sunrise Instrumental,Excavationpro,18,QZ-MHM-22-33938,,,J:\ALL SOUND FILES\. KICK STREAM FOLDER\1 SOUNDCLOUD  DISTRO KID\18\Last Sunrise Instrumental QZMHM2233938.wav,Last Sunrise Instrumental QZMHM2233938.wav
"Boom in the Backroom Ft Justin Helmer, Voiceofanation (Mastered with Thunder at 100pct)",Excavationpro,Vocals,QZ-MHM-22-35601,,,"J:\ALL SOUND FILES\. KICK STREAM FOLDER\HOME\HOME\1 SOUNDCLOUD  DISTRO KID\34\Vocals\Boom in the Backroom Ft Justin Helmer, Voiceofanation (Mastered with Thunder at 100pct) QZMHM2235601.wav","Boom in the Backroom Ft Justin Helmer, Voiceofanation (Mastered with Thunder at 100pct) QZMHM2235601.wav"
Feel it Uh huh,Excavationpro,Done,QZ-MHM-22-37045,,,J:\ALL SOUND FILES\. KICK STREAM FOLDER\HOME\HOME\1 SOUNDCLOUD  DISTRO KID\PG 37\Vocals\Done\Feel it Uh huh QZMHM2237045.wav,Feel it Uh huh QZMHM2237045.wav
Died Inside For You,Excavationpro,Instrumentals,QZ-MHM-22-43928,,,J:\ALL SOUND FILES\. KICK STREAM FOLDER\HOME\HOME\1 SOUNDCLOUD  DISTRO KID\33\Instrumentals\Died Inside For You QZMHM2243928.wav,Died Inside For You QZMHM2243928.wav
XPRO Keyboard Warmup Beat,Excavationpro,Vocals,QZ-MHM-22-52163,,,J:\ALL SOUND FILES\. KICK STREAM FOLDER\HOME\HOME\1 SOUNDCLOUD  DISTRO KID\PG 37\Vocals\XPRO Keyboard Warmup Beat QZMHM2252163.wav,XPRO Keyboard Warmup Beat QZMHM2252163.wav
Going Under,Excavationpro,Vocals,QZ-MHM-22-53753,,,J:\ALL SOUND FILES\. KICK STREAM FOLDER\HOME\HOME\1 SOUNDCLOUD  DISTRO KID\PG 37\Vocals\Going Under QZMHM2253753.wav,Going Under QZMHM2253753.wav
Are You Ready VOCAL,Excavationpro,instrumental,QZ-MHM-22-63265,,,J:\ALL SOUND FILES\. KICK STREAM FOLDER\HOME\HOME\1 SOUNDCLOUD  DISTRO KID\34\instrumental\Are You Ready VOCAL QZMHM2263265.wav,Are You Ready VOCAL QZMHM2263265.wav
Mind Funk,Excavationpro,Instrumentals,QZ-MHM-22-64668,,,J:\ALL SOUND FILES\. KICK STREAM FOLDER\HOME\HOME\1 SOUNDCLOUD  DISTRO KID\32\Instrumentals\Mind Funk QZMHM2264668.wav,Mind Funk QZMHM2264668.wav
Do You Wanna Hang Right Now (feat Blondjohn),Excavationpro,Vocals,QZ-MHM-22-66461,,,J:\ALL SOUND FILES\. KICK STREAM FOLDER\HOME\HOME\1 SOUNDCLOUD  DISTRO KID\31\Vocals\Do You Wanna Hang Right Now (feat Blondjohn) QZMHM2266461.wav,Do You Wanna Hang Right Now (feat Blondjohn) QZMHM2266461.wav
Twisted Rhyme Flex,Excavationpro,Vocals,QZ-MHM-22-71119,,,J:\ALL SOUND FILES\. KICK STREAM FOLDER\HOME\HOME\1 SOUNDCLOUD  DISTRO KID\34\Vocals\Twisted Rhyme Flex QZMHM2271119.wav,Twisted Rhyme Flex QZMHM2271119.wav
The Veil Ft. Piscean Heart MASTERED,Excavationpro,Vocals,QZ-MHM-22-73871,,,J:\ALL SOUND FILES\. KICK STREAM FOLDER\HOME\HOME\1 SOUNDCLOUD  DISTRO KID\34\Vocals\The Veil Ft. Piscean Heart MASTERED QZMHM2273871.wav,The Veil Ft. Piscean Heart MASTERED QZMHM2273871.wav
THC Instrumental Beat,Excavationpro,Instrumentals,QZ-MHM-22-76366,,,J:\ALL SOUND FILES\. KICK STREAM FOLDER\HOME\HOME\1 SOUNDCLOUD  DISTRO KID\30\Instrumentals\THC Instrumental Beat QZMHM2276366.wav,THC Instrumental Beat QZMHM2276366.wav
Butterflies BeatStars Instrumental,Excavationpro,Instrumentals,QZ-MHM-22-83682,,,J:\ALL SOUND FILES\. KICK STREAM FOLDER\HOME\HOME\1 SOUNDCLOUD  DISTRO KID\30\Instrumentals\Butterflies BeatStars Instrumental QZMHM2283682.wav,Butterflies BeatStars Instrumental QZMHM2283682.wav
Stormy Nights,Excavationpro,Instrumentals,QZ-MHM-22-83888,,,J:\ALL SOUND FILES\. KICK STREAM FOLDER\HOME\HOME\1 SOUNDCLOUD  DISTRO KID\32\Instrumentals\Stormy Nights QZMHM2283888.wav,Stormy Nights QZMHM2283888.wav
3AM PARTY POPPIN (Mastered with Sunroof at 100pct),Excavationpro,Vocals,QZ-MHM-22-88160,,,J:\ALL SOUND FILES\. KICK STREAM FOLDER\HOME\HOME\1 SOUNDCLOUD  DISTRO KID\34\Vocals\3AM PARTY POPPIN (Mastered with Sunroof at 100pct) QZMHM2288160.wav,3AM PARTY POPPIN (Mastered with Sunroof at 100pct) QZMHM2288160.wav
Tonight,Excavationpro,Instrumentals,QZ-MHM-22-93650,,,J:\ALL SOUND FILES\. KICK STREAM FOLDER\HOME\HOME\1 SOUNDCLOUD  DISTRO KID\33\Instrumentals\Tonight QZMHM2293650.wav,Tonight QZMHM2293650.wav
Soul Gate (Mastered with Aurora at 100pct),Excavationpro,instrumental,QZ-MHM-22-97177,,,J:\ALL SOUND FILES\. KICK STREAM FOLDER\HOME\HOME\1 SOUNDCLOUD  DISTRO KID\34\instrumental\Soul Gate (Mastered with Aurora at 100pct) QZMHM2297177.wav,Soul Gate (Mastered with Aurora at 100pct) QZMHM2297177.wav
Ponder Reality,Excavationpro,22,QZ-MHM-23-04893,,,J:\ALL SOUND FILES\. KICK STREAM FOLDER\1 SOUNDCLOUD  DISTRO KID\22\Ponder Reality QZMHM2304893.wav,Ponder Reality QZMHM2304893.wav
Street Heat,Excavationpro,20,QZ-MHM-23-06757,,,J:\ALL SOUND FILES\. KICK STREAM FOLDER\1 SOUNDCLOUD  DISTRO KID\20\Street Heat QZMHM2306757.wav,Street Heat QZMHM2306757.wav
Gossip Open Verse,Excavationpro,20,QZ-MHM-23-07531,,,J:\ALL SOUND FILES\. KICK STREAM FOLDER\1 SOUNDCLOUD  DISTRO KID\20\Gossip Open Verse QZMHM2307531.wav,Gossip Open Verse QZMHM2307531.wav
Escaped,Excavationpro,instrumentals,QZ-MHM-23-12104,,,J:\ALL SOUND FILES\. KICK STREAM FOLDER\HOME\HOME\1 SOUNDCLOUD  DISTRO KID\0 DONE ALBUM\28\instrumentals\Escaped QZMHM2312104.mp3,Escaped QZMHM2312104.mp3
Road Drip,Excavationpro,22,QZ-MHM-23-16464,,,J:\ALL SOUND FILES\. KICK STREAM FOLDER\1 SOUNDCLOUD  DISTRO KID\22\Road Drip QZMHM2316464.wav,Road Drip QZMHM2316464.wav
Deep Thoughts Instrumental,Excavationpro,20,QZ-MHM-23-17852,,,J:\ALL SOUND FILES\. KICK STREAM FOLDER\1 SOUNDCLOUD  DISTRO KID\20\Deep Thoughts Instrumental QZMHM2317852.wav,Deep Thoughts Instrumental QZMHM2317852.wav
Light vs Dark,Excavationpro,23,QZ-MHM-23-21667,,,J:\ALL SOUND FILES\. KICK STREAM FOLDER\1 SOUNDCLOUD  DISTRO KID\23\Light vs Dark QZMHM2321667.wav,Light vs Dark QZMHM2321667.wav
Star Dance,Excavationpro,27,QZ-MHM-23-24442,,,J:\ALL SOUND FILES\. KICK STREAM FOLDER\1 SOUNDCLOUD  DISTRO KID\27\Star Dance QZMHM2324442.mp3,Star Dance QZMHM2324442.mp3
Tree of Life Instrumental,Excavationpro,22,QZ-MHM-23-28508,,,J:\ALL SOUND FILES\. KICK STREAM FOLDER\1 SOUNDCLOUD  DISTRO KID\22\Tree of Life Instrumental QZMHM2328508.wav,Tree of Life Instrumental QZMHM2328508.wav
Clappin Cheeks,Excavationpro,Vocals,QZ-MHM-23-39957,,,J:\ALL SOUND FILES\. KICK STREAM FOLDER\HOME\HOME\1 SOUNDCLOUD  DISTRO KID\30\Vocals\Clappin Cheeks QZMHM2339957.wav,Clappin Cheeks QZMHM2339957.wav
Electric Pulse,Excavationpro,24,QZ-MHM-23-40353,,,J:\ALL SOUND FILES\. KICK STREAM FOLDER\1 SOUNDCLOUD  DISTRO KID\24\Electric Pulse QZMHM2340353.wav,Electric Pulse QZMHM2340353.wav
Money Making Couple,Excavationpro,Vocals,QZ-MHM-23-51526,,,J:\ALL SOUND FILES\. KICK STREAM FOLDER\HOME\HOME\1 SOUNDCLOUD  DISTRO KID\30\Vocals\Money Making Couple QZMHM2351526.wav,Money Making Couple QZMHM2351526.wav
Defcon,Excavationpro,24,QZ-MHM-23-56221,,,J:\ALL SOUND FILES\. KICK STREAM FOLDER\1 SOUNDCLOUD  DISTRO KID\24\Defcon QZMHM2356221.wav,Defcon QZMHM2356221.wav
Haters,Excavationpro,26,QZ-MHM-23-58018,,,J:\ALL SOUND FILES\. KICK STREAM FOLDER\1 SOUNDCLOUD  DISTRO KID\26\Haters QZMHM2358018.wav,Haters QZMHM2358018.wav
Core,Excavationpro,23,QZ-MHM-23-64083,,,J:\ALL SOUND FILES\. KICK STREAM FOLDER\1 SOUNDCLOUD  DISTRO KID\23\Core QZMHM2364083.wav,Core QZMHM2364083.wav
Luminary Xion,Excavationpro,26,QZ-MHM-23-68147,,,J:\ALL SOUND FILES\. KICK STREAM FOLDER\1 SOUNDCLOUD  DISTRO KID\26\Luminary Xion QZMHM2368147.wav,Luminary Xion QZMHM2368147.wav
Hell Bound,Excavationpro,instrumentals,QZ-MHM-23-75244,,,J:\ALL SOUND FILES\. KICK STREAM FOLDER\HOME\HOME\1 SOUNDCLOUD  DISTRO KID\0 DONE ALBUM\28\instrumentals\Hell Bound QZMHM2375244.mp3,Hell Bound QZMHM2375244.mp3
Super Hero=,Excavationpro,23,QZ-MHM-23-83231,,,J:\ALL SOUND FILES\. KICK STREAM FOLDER\1 SOUNDCLOUD  DISTRO KID\23\Super Hero= QZMHM2383231.wav,Super Hero= QZMHM2383231.wav
NOT CORPSE Winners on Kick,Excavationpro,26,QZ-MHM-23-89838,,,J:\ALL SOUND FILES\. KICK STREAM FOLDER\1 SOUNDCLOUD  DISTRO KID\26\NOT CORPSE Winners on Kick QZMHM2389838.wav,NOT CORPSE Winners on Kick QZMHM2389838.wav
Wild as What  Open Verse Challenge,Excavationpro,21,QZ-MHM-23-92287,,,J:\ALL SOUND FILES\. KICK STREAM FOLDER\1 SOUNDCLOUD  DISTRO KID\21\Wild as What_ Open Verse Challenge QZMHM2392287.wav,Wild as What_ Open Verse Challenge QZMHM2392287.wav
Knock Knock (Mastered with Thunder at 100pct),Excavationpro,Vocals,QZ-MHM-23-95352,,,J:\ALL SOUND FILES\. KICK STREAM FOLDER\HOME\HOME\1 SOUNDCLOUD  DISTRO KID\30\Vocals\Knock Knock (Mastered with Thunder at 100pct) QZMHM2395352.wav,Knock Knock (Mastered with Thunder at 100pct) QZMHM2395352.wav
Hexed on the Internet Freestyle,Excavationpro,Vocals,QZ-MHM-23-96193,,,J:\ALL SOUND FILES\. KICK STREAM FOLDER\HOME\HOME\1 SOUNDCLOUD  DISTRO KID\30\Vocals\Hexed on the Internet Freestyle QZMHM2396193.wav,Hexed on the Internet Freestyle QZMHM2396193.wav
Saviour Instrumental,Excavationpro,19,QZ-MHM-23-97494,,,J:\ALL SOUND FILES\. KICK STREAM FOLDER\1 SOUNDCLOUD  DISTRO KID\19\Saviour Instrumental QZMHM2397494.wav,Saviour Instrumental QZMHM2397494.wav
Light The Flame,Excavationpro,Done,QZ-MHM-24-00015,,,J:\ALL SOUND FILES\. KICK STREAM FOLDER\1 SOUNDCLOUD  DISTRO KID\0 DONE ALBUM\15\Done\Light The Flame QZMHM2400015.wav,Light The Flame QZMHM2400015.wav
Equivocate,Excavationpro,7,QZ-MHM-24-04369,,,J:\ALL SOUND FILES\. KICK STREAM FOLDER\1 SOUNDCLOUD  DISTRO KID\0 DONE ALBUM\7\Equivocate QZMHM2404369.wav,Equivocate QZMHM2404369.wav
Crashed,Excavationpro,DONE,QZ-MHM-24-05058,,,J:\ALL SOUND FILES\. KICK STREAM FOLDER\1 SOUNDCLOUD  DISTRO KID\0 DONE ALBUM\14\DONE\Crashed QZMHM2405058.wav,Crashed QZMHM2405058.wav
Strangers,Excavationpro,Done,QZ-MHM-24-10411,,,J:\ALL SOUND FILES\. KICK STREAM FOLDER\1 SOUNDCLOUD  DISTRO KID\0 DONE ALBUM\15\Done\Strangers QZMHM2410411.wav,Strangers QZMHM2410411.wav
Lethal Injection,Excavationpro,New folder,QZ-MHM-24-10784,,,J:\ALL SOUND FILES\. KICK STREAM FOLDER\1 SOUNDCLOUD  DISTRO KID\0 DONE ALBUM\12\New folder\Lethal Injection QZMHM2410784.wav,Lethal Injection QZMHM2410784.wav
Want it Get it Instrumental Beat,Excavationpro,16,QZ-MHM-24-18025,,,J:\ALL SOUND FILES\. KICK STREAM FOLDER\1 SOUNDCLOUD  DISTRO KID\16\Want it Get it Instrumental Beat QZMHM2418025.wav,Want it Get it Instrumental Beat QZMHM2418025.wav
Rumble in the Club Extended Open Verse,Excavationpro,15,QZ-MHM-24-22250,,,J:\ALL SOUND FILES\. KICK STREAM FOLDER\1 SOUNDCLOUD  DISTRO KID\0 DONE ALBUM\15\Rumble in the Club Extended Open Verse QZMHM2422250.wav,Rumble in the Club Extended Open Verse QZMHM2422250.wav
Another Day,Excavationpro,New folder,QZ-MHM-24-31258,,,J:\ALL SOUND FILES\. KICK STREAM FOLDER\HOME\HOME\1 SOUNDCLOUD  DISTRO KID\0 DONE ALBUM\9\New folder\Another Day QZMHM2431258.wav,Another Day QZMHM2431258.wav
Pain,Excavationpro,New folder,QZ-MHM-24-33794,,,J:\ALL SOUND FILES\. KICK STREAM FOLDER\1 SOUNDCLOUD  DISTRO KID\0 DONE ALBUM\12\New folder\Pain QZMHM2433794.wav,Pain QZMHM2433794.wav
Like You,Excavationpro,Done,QZ-MHM-24-35623,,,J:\ALL SOUND FILES\. KICK STREAM FOLDER\HOME\HOME\1 SOUNDCLOUD  DISTRO KID\0 DONE ALBUM\9\Done\Like You  QZMHM2435623.wav,Like You  QZMHM2435623.wav
Aggrandize,Excavationpro,7,QZ-MHM-24-37982,,,J:\ALL SOUND FILES\. KICK STREAM FOLDER\1 SOUNDCLOUD  DISTRO KID\0 DONE ALBUM\7\Aggrandize QZMHM2437982.wav,Aggrandize QZMHM2437982.wav
Lover,Excavationpro,Lover,QZ-MHM-24-45168,,,J:\ALL SOUND FILES\. KICK STREAM FOLDER\DESKTOP\HOME\Lover\Lover QZMHM2445168.wav,Lover QZMHM2445168.wav
Sleep on it,Excavationpro,DONE,QZ-MHM-24-61035,,,J:\ALL SOUND FILES\. KICK STREAM FOLDER\1 SOUNDCLOUD  DISTRO KID\0 DONE ALBUM\14\DONE\Sleep on it QZMHM2461035.wav,Sleep on it QZMHM2461035.wav
Bugged Brain feat Grafezzy Remix,Excavationpro,15,QZ-MHM-24-66619,,,J:\ALL SOUND FILES\. KICK STREAM FOLDER\1 SOUNDCLOUD  DISTRO KID\0 DONE ALBUM\15\Bugged Brain feat Grafezzy Remix QZMHM2466619.wav,Bugged Brain feat Grafezzy Remix QZMHM2466619.wav
Rebel,Excavationpro,Done,QZ-MHM-24-69355,,,J:\ALL SOUND FILES\. KICK STREAM FOLDER\1 SOUNDCLOUD  DISTRO KID\0 DONE ALBUM\10\New folder\Done\Done\Rebel QZMHM2469355.wav,Rebel QZMHM2469355.wav
Life Suppor,Excavationpro,Done,QZ-MHM-24-80589,,,J:\ALL SOUND FILES\. KICK STREAM FOLDER\1 SOUNDCLOUD  DISTRO KID\0 DONE ALBUM\15\Done\Life Suppor QZMHM2480589.wav,Life Suppor QZMHM2480589.wav
Retaliate,Excavationpro,Done,QZ-MHM-24-83022,,,J:\ALL SOUND FILES\. KICK STREAM FOLDER\HOME\HOME\1 SOUNDCLOUD  DISTRO KID\0 DONE ALBUM\9\Done\Retaliate QZMHM2483022.wav,Retaliate QZMHM2483022.wav
Quantum Leap,Excavationpro,5,QZ-MHM-24-85508,,,J:\ALL SOUND FILES\. KICK STREAM FOLDER\1 SOUNDCLOUD  DISTRO KID\0 DONE ALBUM\5\Quantum Leap QZMHM2485508.wav,Quantum Leap QZMHM2485508.wav
Sinners,Excavationpro,New folder,QZ-MHM-24-89149,,,J:\ALL SOUND FILES\. KICK STREAM FOLDER\1 SOUNDCLOUD  DISTRO KID\0 DONE ALBUM\10\New folder\Sinners QZMHM2489149.wav,Sinners QZMHM2489149.wav
First Love,Excavationpro,DONE,QZ-MHM-24-89845,,,J:\ALL SOUND FILES\. KICK STREAM FOLDER\1 SOUNDCLOUD  DISTRO KID\0 DONE ALBUM\13\DONE\First Love QZMHM2489845.wav,First Love QZMHM2489845.wav
Logical,Excavationpro,Done,QZ-MHM-24-89962,,,J:\ALL SOUND FILES\. KICK STREAM FOLDER\1 SOUNDCLOUD  DISTRO KID\0 DONE ALBUM\10\New folder\Done\Done\Logical QZMHM2489962.wav,Logical QZMHM2489962.wav
fairytale,Excavationpro,New folder,QZ-MHM-24-96752,,,J:\ALL SOUND FILES\. KICK STREAM FOLDER\1 SOUNDCLOUD  DISTRO KID\0 DONE ALBUM\8\New folder\fairytale QZMHM2496752.wav,fairytale QZMHM2496752.wav
Space ft Justin Helmer,Excavationpro,8,QZ-MHM-24-97019,,,J:\ALL SOUND FILES\. KICK STREAM FOLDER\1 SOUNDCLOUD  DISTRO KID\0 DONE ALBUM\8\Space ft Justin Helmer QZMHM2497019.wav,Space ft Justin Helmer QZMHM2497019.wav
Danger feat Justin Helmer (Mastered with Sunroof at 95pct),Excavationpro,6,QZ-MHM-24-99746,,,J:\ALL SOUND FILES\. KICK STREAM FOLDER\1 SOUNDCLOUD  DISTRO KID\0 DONE ALBUM\6\Danger feat Justin Helmer (Mastered with Sunroof at 95pct) QZMHM2499746.wav,Danger feat Justin Helmer (Mastered with Sunroof at 95pct) QZMHM2499746.wav
Trance Overdose,Excavationpro,3,QZ-MHM-25-04526,,,J:\ALL SOUND FILES\. KICK STREAM FOLDER\1 SOUNDCLOUD  DISTRO KID\0 DONE ALBUM\3\Trance Overdose QZMHM2504526.wav,Trance Overdose QZMHM2504526.wav
Permanent Scars,Excavationpro,2,QZ-MHM-25-04654,,,J:\ALL SOUND FILES\. KICK STREAM FOLDER\1 SOUNDCLOUD  DISTRO KID\0 DONE ALBUM\2\Permanent Scars QZMHM2504654.wav,Permanent Scars QZMHM2504654.wav
Terminated,Excavationpro,5,QZ-MHM-25-06635,,,J:\ALL SOUND FILES\. KICK STREAM FOLDER\1 SOUNDCLOUD  DISTRO KID\0 DONE ALBUM\5\Terminated QZMHM2506635.wav,Terminated QZMHM2506635.wav
Solid Grip,Excavationpro,Done,QZ-MHM-25-54505,,,J:\ALL SOUND FILES\. KICK STREAM FOLDER\1 SOUNDCLOUD  DISTRO KID\0 DONE ALBUM\3\Done\Solid Grip QZMHM2554505.wav,Solid Grip QZMHM2554505.wav
Screams in the Void feat Justin Helmer,Excavationpro,3,QZ-MHM-25-59928,,,J:\ALL SOUND FILES\. KICK STREAM FOLDER\1 SOUNDCLOUD  DISTRO KID\0 DONE ALBUM\3\Screams in the Void feat Justin Helmer QZMHM2559928.wav,Screams in the Void feat Justin Helmer QZMHM2559928.wav
Love Therapy Justin Helmer,Excavationpro,5,QZ-MHM-25-71154,,,J:\ALL SOUND FILES\. KICK STREAM FOLDER\1 SOUNDCLOUD  DISTRO KID\0 DONE ALBUM\5\Love Therapy Justin Helmer QZMHM2571154.wav,Love Therapy Justin Helmer QZMHM2571154.wav
Street Wise feat Justin Helmer,Excavationpro,3,QZ-MHM-25-72272,,,J:\ALL SOUND FILES\. KICK STREAM FOLDER\1 SOUNDCLOUD  DISTRO KID\0 DONE ALBUM\3\Street Wise feat Justin Helmer QZMHM2572272.wav,Street Wise feat Justin Helmer QZMHM2572272.wav
White Heat feat Justin Helmer,Excavationpro,3,QZ-MHM-25-83632,,,J:\ALL SOUND FILES\. KICK STREAM FOLDER\1 SOUNDCLOUD  DISTRO KID\0 DONE ALBUM\3\White Heat feat Justin Helmer QZMHM2583632.wav,White Heat feat Justin Helmer QZMHM2583632.wav
Love Poland,Excavationpro,Instrumentals,QZ-MHN-22-10269,,,J:\ALL SOUND FILES\. KICK STREAM FOLDER\HOME\HOME\1 SOUNDCLOUD  DISTRO KID\32\Instrumentals\Love Poland QZMHN2210269.wav,Love Poland QZMHN2210269.wav
Night Walker,Excavationpro,19,QZ-MHN-22-12794,,,J:\ALL SOUND FILES\. KICK STREAM FOLDER\1 SOUNDCLOUD  DISTRO KID\19\Night Walker QZMHN2212794.wav,Night Walker QZMHN2212794.wav
funky 110 drum beat stars original xpro 3 TK12036901,Excavationpro,instrumental,QZ-MHN-22-14883,,,J:\ALL SOUND FILES\. KICK STREAM FOLDER\HOME\HOME\1 SOUNDCLOUD  DISTRO KID\34\instrumental\funky-110-drum-beat-stars-original-xpro-3_TK12036901 QZMHN2214883.wav,funky-110-drum-beat-stars-original-xpro-3_TK12036901 QZMHN2214883.wav
Beats All Night,Excavationpro,Instrumentals,QZ-MHN-22-22281,,,J:\ALL SOUND FILES\. KICK STREAM FOLDER\HOME\HOME\1 SOUNDCLOUD  DISTRO KID\32\Instrumentals\Beats All Night QZMHN2222281.wav,Beats All Night QZMHN2222281.wav
I don't Gotta Come Back,Excavationpro,Vocals,QZ-MHN-22-32064,,,J:\ALL SOUND FILES\. KICK STREAM FOLDER\HOME\HOME\1 SOUNDCLOUD  DISTRO KID\30\Vocals\I don't Gotta Come Back QZMHN2232064.wav,I don't Gotta Come Back QZMHN2232064.wav
Redneck Canadian Instrumental (Mastered with Aurora at 100pct),Excavationpro,vocal,QZ-MHN-22-38733,,,J:\ALL SOUND FILES\. KICK STREAM FOLDER\HOME\HOME\1 SOUNDCLOUD  DISTRO KID\36\vocal\Redneck Canadian Instrumental (Mastered with Aurora at 100pct) QZMHN2238733.wav,Redneck Canadian Instrumental (Mastered with Aurora at 100pct) QZMHN2238733.wav
Died Tonight feat Justin Helmer,Excavationpro,17,QZ-MHN-22-51672,,,J:\ALL SOUND FILES\. KICK STREAM FOLDER\1 SOUNDCLOUD  DISTRO KID\17\Died Tonight feat Justin Helmer QZMHN2251672.wav,Died Tonight feat Justin Helmer QZMHN2251672.wav
Friend or Foe feat EyeWaz2C,Excavationpro,17,QZ-MHN-22-52841,,,J:\ALL SOUND FILES\. KICK STREAM FOLDER\1 SOUNDCLOUD  DISTRO KID\17\Friend or Foe feat EyeWaz2C QZMHN2252841.wav,Friend or Foe feat EyeWaz2C QZMHN2252841.wav
Whispers Instrumental Beat,Excavationpro,17,QZ-MHN-22-53316,,,J:\ALL SOUND FILES\. KICK STREAM FOLDER\1 SOUNDCLOUD  DISTRO KID\17\Whispers Instrumental Beat QZMHN2253316.wav,Whispers Instrumental Beat QZMHN2253316.wav
Misunderstood Beat Loop,Excavationpro,Vocals,QZ-MHN-22-57712,,,J:\ALL SOUND FILES\. KICK STREAM FOLDER\HOME\HOME\1 SOUNDCLOUD  DISTRO KID\PG 37\Vocals\Misunderstood Beat Loop QZMHN2257712.wav,Misunderstood Beat Loop QZMHN2257712.wav
Freak Under The Sheets Beat,Excavationpro,vocal,QZ-MHN-22-65828,,,J:\ALL SOUND FILES\. KICK STREAM FOLDER\HOME\HOME\1 SOUNDCLOUD  DISTRO KID\36\vocal\Freak Under The Sheets Beat QZMHN2265828.wav,Freak Under The Sheets Beat QZMHN2265828.wav
Undisputed Instrumental,Excavationpro,18,QZ-MHN-22-65974,,,J:\ALL SOUND FILES\. KICK STREAM FOLDER\1 SOUNDCLOUD  DISTRO KID\18\Undisputed Instrumental QZMHN2265974.wav,Undisputed Instrumental QZMHN2265974.wav
Sonic Quartet,Excavationpro,Done,QZ-MHN-22-67007,,,J:\ALL SOUND FILES\. KICK STREAM FOLDER\HOME\HOME\1 SOUNDCLOUD  DISTRO KID\PG 37\Vocals\Done\Sonic Quartet QZMHN2267007.wav,Sonic Quartet QZMHN2267007.wav
New World,Excavationpro,19,QZ-MHN-22-67142,,,J:\ALL SOUND FILES\. KICK STREAM FOLDER\1 SOUNDCLOUD  DISTRO KID\19\New World QZMHN2267142.wav,New World QZMHN2267142.wav
Heartless Beat (Mastered with Aurora at 90pct),Excavationpro,Done,QZ-MHN-22-69549,,,J:\ALL SOUND FILES\. KICK STREAM FOLDER\HOME\HOME\1 SOUNDCLOUD  DISTRO KID\PG 37\Vocals\Done\Heartless Beat (Mastered with Aurora at 90pct) QZMHN2269549.wav,Heartless Beat (Mastered with Aurora at 90pct) QZMHN2269549.wav
"Demon Time REMIX (Feat Key Notez, Sam RucKus, BBCBanks) )",Excavationpro,Vocals,QZ-MHN-22-80626,,,"J:\ALL SOUND FILES\. KICK STREAM FOLDER\HOME\HOME\1 SOUNDCLOUD  DISTRO KID\34\Vocals\Demon Time REMIX (Feat Key Notez, Sam RucKus, BBCBanks) ) QZMHN2280626.wav","Demon Time REMIX (Feat Key Notez, Sam RucKus, BBCBanks) ) QZMHN2280626.wav"
Deep Rest,Excavationpro,27,QZ-MHN-23-07145,,,J:\ALL SOUND FILES\. KICK STREAM FOLDER\1 SOUNDCLOUD  DISTRO KID\27\Deep Rest QZMHN2307145.mp3,Deep Rest QZMHN2307145.mp3
Synthetic Climax Instrumental,Excavationpro,21,QZ-MHN-23-08106,,,J:\ALL SOUND FILES\. KICK STREAM FOLDER\1 SOUNDCLOUD  DISTRO KID\21\Synthetic Climax Instrumental QZMHN2308106.wav,Synthetic Climax Instrumental QZMHN2308106.wav
Havana Sunrise,Excavationpro,25,QZ-MHN-23-08558,,,J:\ALL SOUND FILES\. KICK STREAM FOLDER\1 SOUNDCLOUD  DISTRO KID\25\Havana Sunrise QZMHN2308558.wav,Havana Sunrise QZMHN2308558.wav
Xplode,Excavationpro,23,QZ-MHN-23-13172,,,J:\ALL SOUND FILES\. KICK STREAM FOLDER\1 SOUNDCLOUD  DISTRO KID\23\Xplode QZMHN2313172.wav,Xplode QZMHN2313172.wav
Exclusive,Excavationpro,21,QZ-MHN-23-14878,,,J:\ALL SOUND FILES\. KICK STREAM FOLDER\1 SOUNDCLOUD  DISTRO KID\21\Exclusive QZMHN2314878.mp3,Exclusive QZMHN2314878.mp3
Seeing it Perfectly,Excavationpro,instrumentals,QZ-MHN-23-25849,,,J:\ALL SOUND FILES\. KICK STREAM FOLDER\HOME\HOME\1 SOUNDCLOUD  DISTRO KID\0 DONE ALBUM\28\instrumentals\Seeing it Perfectly QZMHN2325849.wav,Seeing it Perfectly QZMHN2325849.wav
Light Bringer,Excavationpro,27,QZ-MHN-23-30265,,,J:\ALL SOUND FILES\. KICK STREAM FOLDER\1 SOUNDCLOUD  DISTRO KID\27\Light Bringer QZMHN2330265.mp3,Light Bringer QZMHN2330265.mp3
Empty (Mastered with Thunder at 100pct),Excavationpro,24,QZ-MHN-23-30967,,,J:\ALL SOUND FILES\. KICK STREAM FOLDER\1 SOUNDCLOUD  DISTRO KID\24\Empty (Mastered with Thunder at 100pct) QZMHN2330967.wav,Empty (Mastered with Thunder at 100pct) QZMHN2330967.wav
Teresaa,Excavationpro,25,QZ-MHN-23-36004,,,J:\ALL SOUND FILES\. KICK STREAM FOLDER\1 SOUNDCLOUD  DISTRO KID\25\Teresaa QZMHN2336004.wav,Teresaa QZMHN2336004.wav
Changes,Excavationpro,instrumentals,QZ-MHN-23-36010,,,J:\ALL SOUND FILES\. KICK STREAM FOLDER\HOME\HOME\1 SOUNDCLOUD  DISTRO KID\0 DONE ALBUM\28\instrumentals\Changes QZMHN2336010.mp3,Changes QZMHN2336010.mp3
Tolls for Thee,Excavationpro,23,QZ-MHN-23-37608,,,J:\ALL SOUND FILES\. KICK STREAM FOLDER\1 SOUNDCLOUD  DISTRO KID\23\Tolls for Thee QZMHN2337608.wav,Tolls for Thee QZMHN2337608.wav
We Are Coming,Excavationpro,23,QZ-MHN-23-50685,,,J:\ALL SOUND FILES\. KICK STREAM FOLDER\1 SOUNDCLOUD  DISTRO KID\23\We Are Coming QZMHN2350685.wav,We Are Coming QZMHN2350685.wav
Hurt Quake (Mastered with Thunder at 100pct),Excavationpro,Vocals,QZ-MHN-23-52416,,,J:\ALL SOUND FILES\. KICK STREAM FOLDER\HOME\HOME\1 SOUNDCLOUD  DISTRO KID\30\Vocals\Hurt Quake (Mastered with Thunder at 100pct) QZMHN2352416.wav,Hurt Quake (Mastered with Thunder at 100pct) QZMHN2352416.wav
Things Happen,Excavationpro,26,QZ-MHN-23-56286,,,J:\ALL SOUND FILES\. KICK STREAM FOLDER\1 SOUNDCLOUD  DISTRO KID\26\Things Happen QZMHN2356286.wav,Things Happen QZMHN2356286.wav
People,Excavationpro,24,QZ-MHN-23-86579,,,J:\ALL SOUND FILES\. KICK STREAM FOLDER\1 SOUNDCLOUD  DISTRO KID\24\People QZMHN2386579.wav,People QZMHN2386579.wav
Doom Legacy,Excavationpro,24,QZ-MHN-23-90298,,,J:\ALL SOUND FILES\. KICK STREAM FOLDER\1 SOUNDCLOUD  DISTRO KID\24\Doom Legacy QZMHN2390298.wav,Doom Legacy QZMHN2390298.wav
Everything  Changes Instrumental,Excavationpro,New folder,QZ-MHN-24-07397,,,J:\ALL SOUND FILES\. KICK STREAM FOLDER\1 SOUNDCLOUD  DISTRO KID\0 DONE ALBUM\15\New folder\Everything  Changes Instrumental QZMHN2407397.wav,Everything  Changes Instrumental QZMHN2407397.wav
Spiritual Harmony,Excavationpro,DONE,QZ-MHN-24-14348,,,J:\ALL SOUND FILES\. KICK STREAM FOLDER\1 SOUNDCLOUD  DISTRO KID\0 DONE ALBUM\14\DONE\Spiritual Harmony QZMHN2414348.wav,Spiritual Harmony QZMHN2414348.wav
White Noise,Excavationpro,New folder,QZ-MHN-24-14830,,,J:\ALL SOUND FILES\. KICK STREAM FOLDER\1 SOUNDCLOUD  DISTRO KID\0 DONE ALBUM\10\New folder\White Noise QZMHN2414830.wav,White Noise QZMHN2414830.wav
Mud feat Justin Helmer Jake Buzzard (Mastered with Sunroof at 96pct),Excavationpro,6,QZ-MHN-24-17531,,,J:\ALL SOUND FILES\. KICK STREAM FOLDER\1 SOUNDCLOUD  DISTRO KID\0 DONE ALBUM\6\Mud feat Justin Helmer Jake Buzzard (Mastered with Sunroof at 96pct) QZMHN2417531.wav,Mud feat Justin Helmer Jake Buzzard (Mastered with Sunroof at 96pct) QZMHN2417531.wav
Danger Games,Excavationpro,New folder,QZ-MHN-24-19543,,,J:\ALL SOUND FILES\. KICK STREAM FOLDER\HOME\HOME\1 SOUNDCLOUD  DISTRO KID\0 DONE ALBUM\9\New folder\Danger Games QZMHN2419543.wav,Danger Games QZMHN2419543.wav
Radical Saviour Feat Justin Helmer,Excavationpro,6,QZ-MHN-24-21878,,,J:\ALL SOUND FILES\. KICK STREAM FOLDER\1 SOUNDCLOUD  DISTRO KID\0 DONE ALBUM\6\Radical Saviour Feat Justin Helmer QZMHN2421878.wav,Radical Saviour Feat Justin Helmer QZMHN2421878.wav
Last Hope,Excavationpro,DONE,QZ-MHN-24-27610,,,J:\ALL SOUND FILES\. KICK STREAM FOLDER\1 SOUNDCLOUD  DISTRO KID\0 DONE ALBUM\14\DONE\Last Hope QZMHN2427610.wav,Last Hope QZMHN2427610.wav
Master Class,Excavationpro,Done,QZ-MHN-24-31661,,,J:\ALL SOUND FILES\. KICK STREAM FOLDER\1 SOUNDCLOUD  DISTRO KID\0 DONE ALBUM\10\New folder\Done\Done\Master Class QZMHN2431661.wav,Master Class QZMHN2431661.wav
Mystery,Excavationpro,Done,QZ-MHN-24-35576,,,J:\ALL SOUND FILES\. KICK STREAM FOLDER\1 SOUNDCLOUD  DISTRO KID\0 DONE ALBUM\10\New folder\Done\Done\Mystery QZMHN2435576.wav,Mystery QZMHN2435576.wav
Tripping,Excavationpro,DONE,QZ-MHN-24-46069,,,J:\ALL SOUND FILES\. KICK STREAM FOLDER\1 SOUNDCLOUD  DISTRO KID\0 DONE ALBUM\13\DONE\Tripping QZMHN2446069.wav,Tripping QZMHN2446069.wav
Toxic Kiss   Excavationpro,Excavationpro,11,QZ-MHN-24-48811,,,J:\ALL SOUND FILES\. KICK STREAM FOLDER\1 SOUNDCLOUD  DISTRO KID\0 DONE ALBUM\11\Toxic Kiss - Excavationpro QZMHN2448811.wav,Toxic Kiss - Excavationpro QZMHN2448811.wav
End of Days feat Justin Helmer,Excavationpro,6,QZ-MHN-24-56159,,,J:\ALL SOUND FILES\. KICK STREAM FOLDER\1 SOUNDCLOUD  DISTRO KID\0 DONE ALBUM\6\End of Days feat Justin Helmer QZMHN2456159.wav,End of Days feat Justin Helmer QZMHN2456159.wav
Ultra Street Fighter,Excavationpro,5,QZ-MHN-24-58869,,,J:\ALL SOUND FILES\. KICK STREAM FOLDER\1 SOUNDCLOUD  DISTRO KID\0 DONE ALBUM\5\Ultra Street Fighter QZMHN2458869.wav,Ultra Street Fighter QZMHN2458869.wav
Existence Instrumental,Excavationpro,New folder,QZ-MHN-24-84082,,,J:\ALL SOUND FILES\. KICK STREAM FOLDER\1 SOUNDCLOUD  DISTRO KID\0 DONE ALBUM\15\New folder\Existence Instrumental QZMHN2484082.wav,Existence Instrumental QZMHN2484082.wav
Human,Excavationpro,New folder,QZ-MHN-24-86568,,,J:\ALL SOUND FILES\. KICK STREAM FOLDER\1 SOUNDCLOUD  DISTRO KID\0 DONE ALBUM\12\New folder\Human QZMHN2486568.wav,Human QZMHN2486568.wav
Internal Frequency Instrumental,Excavationpro,DONE,QZ-MHN-24-89298,,,J:\ALL SOUND FILES\. KICK STREAM FOLDER\1 SOUNDCLOUD  DISTRO KID\0 DONE ALBUM\14\DONE\Internal Frequency Instrumental QZMHN2489298.wav,Internal Frequency Instrumental QZMHN2489298.wav
Downer,Excavationpro,Done,QZ-MHN-24-90997,,,J:\ALL SOUND FILES\. KICK STREAM FOLDER\HOME\HOME\1 SOUNDCLOUD  DISTRO KID\0 DONE ALBUM\9\Done\Downer QZMHN2490997.wav,Downer QZMHN2490997.wav
Creation,Excavationpro,6,QZ-MHN-24-93342,,,J:\ALL SOUND FILES\. KICK STREAM FOLDER\1 SOUNDCLOUD  DISTRO KID\0 DONE ALBUM\6\Creation QZMHN2493342.wav,Creation QZMHN2493342.wav
Learned Something feat Justin Helmer,Excavationpro,15,QZ-MHN-24-98779,,,J:\ALL SOUND FILES\. KICK STREAM FOLDER\1 SOUNDCLOUD  DISTRO KID\0 DONE ALBUM\15\Learned Something feat Justin Helmer QZMHN2498779.wav,Learned Something feat Justin Helmer QZMHN2498779.wav
Midnight Coffee,Excavationpro,27,QZ-MHP-23-11073,,,J:\ALL SOUND FILES\. KICK STREAM FOLDER\1 SOUNDCLOUD  DISTRO KID\27\Midnight Coffee QZMHP2311073.mp3,Midnight Coffee QZMHP2311073.mp3
Debating,Excavationpro,24,QZ-MHP-23-14498,,,J:\ALL SOUND FILES\. KICK STREAM FOLDER\1 SOUNDCLOUD  DISTRO KID\24\Debating QZMHP2314498.wav,Debating QZMHP2314498.wav
Rise of the Hero,Excavationpro,23,QZ-MHP-23-20394,,,J:\ALL SOUND FILES\. KICK STREAM FOLDER\1 SOUNDCLOUD  DISTRO KID\23\Rise of the Hero QZMHP2320394.wav,Rise of the Hero QZMHP2320394.wav
Chicken Hunting feat Justin Helmer,Excavationpro,21,QZ-MHP-23-28401,,,J:\ALL SOUND FILES\. KICK STREAM FOLDER\1 SOUNDCLOUD  DISTRO KID\21\Chicken Hunting feat Justin Helmer  QZMHP2328401.wav,Chicken Hunting feat Justin Helmer  QZMHP2328401.wav
Nothing Here To Lose,Excavationpro,23,QZ-MHP-23-32315,,,J:\ALL SOUND FILES\. KICK STREAM FOLDER\1 SOUNDCLOUD  DISTRO KID\23\Nothing Here To Lose QZMHP2332315.wav,Nothing Here To Lose QZMHP2332315.wav
Dragonfly,Excavationpro,instrumentals,QZ-MHP-23-35318,,,J:\ALL SOUND FILES\. KICK STREAM FOLDER\HOME\HOME\1 SOUNDCLOUD  DISTRO KID\0 DONE ALBUM\28\instrumentals\Dragonfly QZMHP2335318.mp3,Dragonfly QZMHP2335318.mp3
Emotional Overload,Excavationpro,24,QZ-MHP-23-37879,,,J:\ALL SOUND FILES\. KICK STREAM FOLDER\1 SOUNDCLOUD  DISTRO KID\24\Emotional Overload QZMHP2337879.wav,Emotional Overload QZMHP2337879.wav
Mission Impossible,Excavationpro,23,QZ-MHP-23-43850,,,J:\ALL SOUND FILES\. KICK STREAM FOLDER\1 SOUNDCLOUD  DISTRO KID\23\Mission Impossible QZMHP2343850.wav,Mission Impossible QZMHP2343850.wav
Nitro Flipped,Excavationpro,21,QZ-MHP-23-44750,,,J:\ALL SOUND FILES\. KICK STREAM FOLDER\1 SOUNDCLOUD  DISTRO KID\21\Nitro Flipped QZMHP2344750.wav,Nitro Flipped QZMHP2344750.wav
Fully Loaded Synthetic,Excavationpro,24,QZ-MHP-23-58206,,,J:\ALL SOUND FILES\. KICK STREAM FOLDER\1 SOUNDCLOUD  DISTRO KID\24\Fully Loaded Synthetic QZMHP2358206.wav,Fully Loaded Synthetic QZMHP2358206.wav
9 lives,Excavationpro,25,QZ-MHP-23-65162,,,J:\ALL SOUND FILES\. KICK STREAM FOLDER\1 SOUNDCLOUD  DISTRO KID\25\9 lives QZMHP2365162.wav,9 lives QZMHP2365162.wav
Spicey Cherry,Excavationpro,24,QZ-MHP-23-71338,,,J:\ALL SOUND FILES\. KICK STREAM FOLDER\1 SOUNDCLOUD  DISTRO KID\24\Spicey Cherry QZMHP2371338.wav,Spicey Cherry QZMHP2371338.wav
Poker,Excavationpro,20,QZ-MHP-23-71927,,,J:\ALL SOUND FILES\. KICK STREAM FOLDER\1 SOUNDCLOUD  DISTRO KID\20\Poker QZMHP2371927.mp3,Poker QZMHP2371927.mp3
Secret Sauce Instrumental,Excavationpro,22,QZ-MHP-23-72752,,,J:\ALL SOUND FILES\. KICK STREAM FOLDER\1 SOUNDCLOUD  DISTRO KID\22\Secret Sauce Instrumental QZMHP2372752.wav,Secret Sauce Instrumental QZMHP2372752.wav
Love Me,Excavationpro,26,QZ-MHP-23-75637,,,J:\ALL SOUND FILES\. KICK STREAM FOLDER\1 SOUNDCLOUD  DISTRO KID\26\Love Me QZMHP2375637.wav,Love Me QZMHP2375637.wav
Rules,Excavationpro,21,QZ-MHP-23-79729,,,J:\ALL SOUND FILES\. KICK STREAM FOLDER\1 SOUNDCLOUD  DISTRO KID\21\Rules QZMHP2379729.mp3,Rules QZMHP2379729.mp3
Data Overload,Excavationpro,19,QZ-MHP-23-84502,,,J:\ALL SOUND FILES\. KICK STREAM FOLDER\1 SOUNDCLOUD  DISTRO KID\19\Data Overload QZMHP2384502.wav,Data Overload QZMHP2384502.wav
Long Gone,Excavationpro,23,QZ-MHP-23-85395,,,J:\ALL SOUND FILES\. KICK STREAM FOLDER\1 SOUNDCLOUD  DISTRO KID\23\Long Gone QZMHP2385395.wav,Long Gone QZMHP2385395.wav
Break the Silence,Excavationpro,21,QZ-MHP-23-90871,,,J:\ALL SOUND FILES\. KICK STREAM FOLDER\1 SOUNDCLOUD  DISTRO KID\21\Break the Silence QZMHP2390871.wav,Break the Silence QZMHP2390871.wav
Faster than Life,Excavationpro,26,QZ-MHP-23-98607,,,J:\ALL SOUND FILES\. KICK STREAM FOLDER\1 SOUNDCLOUD  DISTRO KID\26\Faster than Life QZMHP2398607.wav,Faster than Life QZMHP2398607.wav
Shallow Perception,Excavationpro,DONE,QZ-MHP-24-12459,,,J:\ALL SOUND FILES\. KICK STREAM FOLDER\1 SOUNDCLOUD  DISTRO KID\0 DONE ALBUM\13\DONE\Shallow Perception QZMHP2412459.wav,Shallow Perception QZMHP2412459.wav
Spoiler Alert,Excavationpro,New folder,QZ-MHP-24-32280,,,J:\ALL SOUND FILES\. KICK STREAM FOLDER\1 SOUNDCLOUD  DISTRO KID\0 DONE ALBUM\8\New folder\Spoiler Alert QZMHP2432280.wav,Spoiler Alert QZMHP2432280.wav
Wavey,Excavationpro,New folder,QZ-MHP-24-37556,,,J:\ALL SOUND FILES\. KICK STREAM FOLDER\1 SOUNDCLOUD  DISTRO KID\0 DONE ALBUM\10\New folder\Wavey QZMHP2437556.wav,Wavey QZMHP2437556.wav
Premium Smoke,Excavationpro,DONE,QZ-MHP-24-47394,,,J:\ALL SOUND FILES\. KICK STREAM FOLDER\1 SOUNDCLOUD  DISTRO KID\0 DONE ALBUM\14\DONE\Premium Smoke QZMHP2447394.wav,Premium Smoke QZMHP2447394.wav
Love Therapy Open Verse,Excavationpro,15,QZ-MHP-24-48800,,,J:\ALL SOUND FILES\. KICK STREAM FOLDER\1 SOUNDCLOUD  DISTRO KID\0 DONE ALBUM\15\Love Therapy Open Verse QZMHP2448800.wav,Love Therapy Open Verse QZMHP2448800.wav
Defiant,Excavationpro,Done,QZ-MHP-24-51063,,,J:\ALL SOUND FILES\. KICK STREAM FOLDER\1 SOUNDCLOUD  DISTRO KID\0 DONE ALBUM\10\New folder\Done\Done\Defiant QZMHP2451063.wav,Defiant QZMHP2451063.wav
Emotional Experiment,Excavationpro,New folder,QZ-MHP-24-55804,,,J:\ALL SOUND FILES\. KICK STREAM FOLDER\1 SOUNDCLOUD  DISTRO KID\0 DONE ALBUM\10\New folder\Emotional Experiment QZMHP2455804.wav,Emotional Experiment QZMHP2455804.wav
Legacy of Legends,Excavationpro,Done,QZ-MHP-24-60289,,,J:\ALL SOUND FILES\. KICK STREAM FOLDER\1 SOUNDCLOUD  DISTRO KID\0 DONE ALBUM\11\Done\Legacy of Legends  QZMHP2460289.wav,Legacy of Legends  QZMHP2460289.wav
Mission Control,Excavationpro,New folder,QZ-MHP-24-60811,,,J:\ALL SOUND FILES\. KICK STREAM FOLDER\1 SOUNDCLOUD  DISTRO KID\0 DONE ALBUM\12\New folder\Mission Control QZMHP2460811.wav,Mission Control QZMHP2460811.wav
Street Fighter,Excavationpro,Done,QZ-MHP-24-67598,,,J:\ALL SOUND FILES\. KICK STREAM FOLDER\HOME\HOME\1 SOUNDCLOUD  DISTRO KID\0 DONE ALBUM\9\Done\Street Fighter QZMHP2467598.wav,Street Fighter QZMHP2467598.wav
Ride or Die,Excavationpro,Done,QZ-MHP-24-81430,,,J:\ALL SOUND FILES\. KICK STREAM FOLDER\HOME\HOME\1 SOUNDCLOUD  DISTRO KID\0 DONE ALBUM\9\Done\Ride or Die QZMHP2481430.wav,Ride or Die QZMHP2481430.wav
Last Chance,Excavationpro,Done,QZ-MHP-24-88565,,,J:\ALL SOUND FILES\. KICK STREAM FOLDER\1 SOUNDCLOUD  DISTRO KID\0 DONE ALBUM\10\New folder\Done\Done\Last Chance QZMHP2488565.wav,Last Chance QZMHP2488565.wav
Bong Hits,Excavationpro,New folder,QZ-MHP-24-93316,,,J:\ALL SOUND FILES\. KICK STREAM FOLDER\1 SOUNDCLOUD  DISTRO KID\0 DONE ALBUM\12\New folder\Bong Hits QZMHP2493316.wav,Bong Hits QZMHP2493316.wav
Titans,Excavationpro,Done,QZ-MHP-24-98535,,,J:\ALL SOUND FILES\. KICK STREAM FOLDER\1 SOUNDCLOUD  DISTRO KID\0 DONE ALBUM\11\Done\Titans QZMHP2498535.wav,Titans QZMHP2498535.wav
Water Slide Funking,Excavationpro,Done,QZ-MHP-25-16687,,,J:\ALL SOUND FILES\. KICK STREAM FOLDER\1 SOUNDCLOUD  DISTRO KID\0 DONE ALBUM\4\Done\Water Slide Funking  QZMHP2516687.wav,Water Slide Funking  QZMHP2516687.wav
Complex Anxiety feat Justin helmer,Excavationpro,3,QZ-MHP-25-31916,,,J:\ALL SOUND FILES\. KICK STREAM FOLDER\1 SOUNDCLOUD  DISTRO KID\0 DONE ALBUM\3\Complex Anxiety feat Justin helmer QZMHP2531916.wav,Complex Anxiety feat Justin helmer QZMHP2531916.wav
Enhanced Reality,Excavationpro,4,QZ-MHP-25-34693,,,J:\ALL SOUND FILES\. KICK STREAM FOLDER\1 SOUNDCLOUD  DISTRO KID\0 DONE ALBUM\4\Enhanced Reality QZMHP2534693.wav,Enhanced Reality QZMHP2534693.wav
Alive in 2025,Excavationpro,Done,QZ-MHP-25-41264,,,J:\ALL SOUND FILES\. KICK STREAM FOLDER\1 SOUNDCLOUD  DISTRO KID\0 DONE ALBUM\3\Done\Alive in 2025 QZMHP2541264.wav,Alive in 2025 QZMHP2541264.wav
Caribbean Drip,Excavationpro,Done,QZ-MHP-25-96102,,,J:\ALL SOUND FILES\. KICK STREAM FOLDER\1 SOUNDCLOUD  DISTRO KID\0 DONE ALBUM\3\Done\Caribbean Drip QZMHP2596102.wav,Caribbean Drip QZMHP2596102.wav
Big Balls,Excavationpro,PG 38,QZ-S63-21-03257,,,J:\ALL SOUND FILES\. KICK STREAM FOLDER\HOME\HOME\1 SOUNDCLOUD  DISTRO KID\PG 38\Big Balls QZS632103257.mp3,Big Balls QZS632103257.mp3
CometRider,Excavationpro,PG 40 Done,QZ-S63-21-24856,,,J:\ALL SOUND FILES\. KICK STREAM FOLDER\HOME\HOME\1 SOUNDCLOUD  DISTRO KID\PG 40 Done\CometRider QZS632124856.mp3,CometRider QZS632124856.mp3
HEARDFinishedaudio (Mastered with Aurora at 75pct),Excavationpro,PG 38,QZ-S63-21-37411,,,J:\ALL SOUND FILES\. KICK STREAM FOLDER\HOME\HOME\1 SOUNDCLOUD  DISTRO KID\PG 38\HEARDFinishedaudio (Mastered with Aurora at 75pct) QZS632137411.mp3,HEARDFinishedaudio (Mastered with Aurora at 75pct) QZS632137411.mp3
Mythic Breeze (Mastered with Thunder at 90pct),Excavationpro,PG 39,QZ-S63-21-39467,,,J:\ALL SOUND FILES\. KICK STREAM FOLDER\HOME\HOME\1 SOUNDCLOUD  DISTRO KID\PG 39\Mythic Breeze (Mastered with Thunder at 90pct) QZS632139467.mp3,Mythic Breeze (Mastered with Thunder at 90pct) QZS632139467.mp3
Spirit Walk,Excavationpro,PG 39,QZ-S63-21-46161,,,J:\ALL SOUND FILES\. KICK STREAM FOLDER\HOME\HOME\1 SOUNDCLOUD  DISTRO KID\PG 39\Spirit Walk QZS632146161.mp3,Spirit Walk QZS632146161.mp3
FantasyIsland,Excavationpro,PG 38,QZ-S63-21-55568,,,J:\ALL SOUND FILES\. KICK STREAM FOLDER\HOME\HOME\1 SOUNDCLOUD  DISTRO KID\PG 38\FantasyIsland QZS632155568.mp3,FantasyIsland QZS632155568.mp3
Annihilating Rhythm,Excavationpro,PG 38,QZ-S63-21-61421,,,J:\ALL SOUND FILES\. KICK STREAM FOLDER\HOME\HOME\1 SOUNDCLOUD  DISTRO KID\PG 38\Annihilating Rhythm QZS632161421.mp3,Annihilating Rhythm QZS632161421.mp3
Blue River,Excavationpro,PG 40 Done,QZ-S63-21-66353,,,J:\ALL SOUND FILES\. KICK STREAM FOLDER\HOME\HOME\1 SOUNDCLOUD  DISTRO KID\PG 40 Done\Blue River QZS632166353.mp3,Blue River QZS632166353.mp3
MoneyMadness,Excavationpro,PG 39,QZ-S63-21-85645,,,J:\ALL SOUND FILES\. KICK STREAM FOLDER\HOME\HOME\1 SOUNDCLOUD  DISTRO KID\PG 39\MoneyMadness QZS632185645.mp3,MoneyMadness QZS632185645.mp3
Broken Hearts (Mastered with Aurora at 50pct),Excavationpro,PG 39,QZ-S63-21-97802,,,J:\ALL SOUND FILES\. KICK STREAM FOLDER\HOME\HOME\1 SOUNDCLOUD  DISTRO KID\PG 39\Broken Hearts (Mastered with Aurora at 50pct) QZS632197802.mp3,Broken Hearts (Mastered with Aurora at 50pct) QZS632197802.mp3
Be My Love 100 COUNTRY KARAOKE REMIX,Excavationpro,instrumental,QZ-S63-22-04920,,,J:\ALL SOUND FILES\. KICK STREAM FOLDER\HOME\HOME\1 SOUNDCLOUD  DISTRO KID\34\instrumental\Be My Love 100 COUNTRY KARAOKE REMIX QZS632204920.wav,Be My Love 100 COUNTRY KARAOKE REMIX QZS632204920.wav
Gifted,Excavationpro,17,QZ-S63-22-14738,,,J:\ALL SOUND FILES\. KICK STREAM FOLDER\1 SOUNDCLOUD  DISTRO KID\17\Gifted QZS632214738.wav,Gifted QZS632214738.wav
Sunset Instrumental Beat,Excavationpro,17,QZ-S63-22-17266,,,J:\ALL SOUND FILES\. KICK STREAM FOLDER\1 SOUNDCLOUD  DISTRO KID\17\Sunset Instrumental Beat QZS632217266.wav,Sunset Instrumental Beat QZS632217266.wav
LYRICAL ASSASSIN Beat Stars (Mastered with Aurora at 100pct),Excavationpro,instrumental,QZ-S63-22-19364,,,J:\ALL SOUND FILES\. KICK STREAM FOLDER\HOME\HOME\1 SOUNDCLOUD  DISTRO KID\34\instrumental\LYRICAL ASSASSIN Beat Stars (Mastered with Aurora at 100pct) QZS632219364.wav,LYRICAL ASSASSIN Beat Stars (Mastered with Aurora at 100pct) QZS632219364.wav
Soul Lonely Illuminated Illusion Club Beat (Mastered with Aurora at 100pct),Excavationpro,vocal,QZ-S63-22-20020,,,J:\ALL SOUND FILES\. KICK STREAM FOLDER\HOME\HOME\1 SOUNDCLOUD  DISTRO KID\36\vocal\Soul Lonely Illuminated Illusion Club Beat (Mastered with Aurora at 100pct) QZS632220020.wav,Soul Lonely Illuminated Illusion Club Beat (Mastered with Aurora at 100pct) QZS632220020.wav
Summer Trip Beat,Excavationpro,instrumental,QZ-S63-22-29049,,,J:\ALL SOUND FILES\. KICK STREAM FOLDER\HOME\HOME\1 SOUNDCLOUD  DISTRO KID\34\instrumental\Summer Trip Beat QZS632229049.wav,Summer Trip Beat QZS632229049.wav
Pockets Swolla Moola Ollah Finished (Mastered with Aurora at 100pct),Excavationpro,vocal,QZ-S63-22-39896,,,J:\ALL SOUND FILES\. KICK STREAM FOLDER\HOME\HOME\1 SOUNDCLOUD  DISTRO KID\36\vocal\Pockets Swolla Moola Ollah Finished (Mastered with Aurora at 100pct) QZS632239896.wav,Pockets Swolla Moola Ollah Finished (Mastered with Aurora at 100pct) QZS632239896.wav
Rap To It Challenge   Old School 2pac Freestyle   (Remix),Excavationpro,vocal,QZ-S63-22-39934,,,J:\ALL SOUND FILES\. KICK STREAM FOLDER\HOME\HOME\1 SOUNDCLOUD  DISTRO KID\36\vocal\Rap To It Challenge _ Old School 2pac Freestyle _ (Remix) QZS632239934.wav,Rap To It Challenge _ Old School 2pac Freestyle _ (Remix) QZS632239934.wav
Ready or Not feat Jake Buzzard,Excavationpro,17,QZ-S63-22-41442,,,J:\ALL SOUND FILES\. KICK STREAM FOLDER\1 SOUNDCLOUD  DISTRO KID\17\Ready or Not feat Jake Buzzard QZS632241442.wav,Ready or Not feat Jake Buzzard QZS632241442.wav
Gaslit and Broken Promises ft. EyeWaz,Excavationpro,Vocals,QZ-S63-22-45230,,,J:\ALL SOUND FILES\. KICK STREAM FOLDER\HOME\HOME\1 SOUNDCLOUD  DISTRO KID\31\Vocals\Gaslit and Broken Promises ft. EyeWaz QZS632245230.wav,Gaslit and Broken Promises ft. EyeWaz QZS632245230.wav
Time Warped,Excavationpro,Instrumentals,QZ-S63-22-51459,,,J:\ALL SOUND FILES\. KICK STREAM FOLDER\HOME\HOME\1 SOUNDCLOUD  DISTRO KID\32\Instrumentals\Time Warped QZS632251459.wav,Time Warped QZS632251459.wav
Baby Come Tonight Club Beat (Mastered with Sunroof at 100pct),Excavationpro,vocal,QZ-S63-22-52435,,,J:\ALL SOUND FILES\. KICK STREAM FOLDER\HOME\HOME\1 SOUNDCLOUD  DISTRO KID\36\vocal\Baby Come Tonight Club Beat (Mastered with Sunroof at 100pct) QZS632252435.wav,Baby Come Tonight Club Beat (Mastered with Sunroof at 100pct) QZS632252435.wav
Why Do You,Excavationpro,Vocals,QZ-S63-22-69940,,,J:\ALL SOUND FILES\. KICK STREAM FOLDER\HOME\HOME\1 SOUNDCLOUD  DISTRO KID\PG 37\Vocals\Why Do You QZS632269940.wav,Why Do You QZS632269940.wav
3AM POPPIN Beat Stars Instrumental (Mastered with Clear Sky at 100pct),Excavationpro,instrumental,QZ-S63-22-80138,,,J:\ALL SOUND FILES\. KICK STREAM FOLDER\HOME\HOME\1 SOUNDCLOUD  DISTRO KID\34\instrumental\3AM POPPIN Beat Stars Instrumental (Mastered with Clear Sky at 100pct) QZS632280138.wav,3AM POPPIN Beat Stars Instrumental (Mastered with Clear Sky at 100pct) QZS632280138.wav
Rap to it Remix Challenge,Excavationpro,Done,QZ-S63-22-84682,,,J:\ALL SOUND FILES\. KICK STREAM FOLDER\HOME\HOME\1 SOUNDCLOUD  DISTRO KID\PG 37\Vocals\Done\Rap to it Remix Challenge QZS632284682.wav,Rap to it Remix Challenge QZS632284682.wav
Shock Therapy,Excavationpro,27,QZ-S63-23-00547,,,J:\ALL SOUND FILES\. KICK STREAM FOLDER\1 SOUNDCLOUD  DISTRO KID\27\Shock Therapy QZS632300547.wav,Shock Therapy QZS632300547.wav
Effort,Excavationpro,25,QZ-S63-23-10921,,,J:\ALL SOUND FILES\. KICK STREAM FOLDER\1 SOUNDCLOUD  DISTRO KID\25\Effort QZS632310921.wav,Effort QZS632310921.wav
History Repeated,Excavationpro,24,QZ-S63-23-11390,,,J:\ALL SOUND FILES\. KICK STREAM FOLDER\1 SOUNDCLOUD  DISTRO KID\24\History Repeated QZS632311390.wav,History Repeated QZS632311390.wav
Wizard,Excavationpro,25,QZ-S63-23-17501,,,J:\ALL SOUND FILES\. KICK STREAM FOLDER\1 SOUNDCLOUD  DISTRO KID\25\Wizard QZS632317501.wav,Wizard QZS632317501.wav
Ego,Excavationpro,24,QZ-S63-23-21916,,,J:\ALL SOUND FILES\. KICK STREAM FOLDER\1 SOUNDCLOUD  DISTRO KID\24\Ego QZS632321916.wav,Ego QZS632321916.wav
Dream Big Instrumental,Excavationpro,19,QZ-S63-23-24651,,,J:\ALL SOUND FILES\. KICK STREAM FOLDER\1 SOUNDCLOUD  DISTRO KID\19\Dream Big Instrumental QZS632324651.wav,Dream Big Instrumental QZS632324651.wav
Mic Check About to Fuk it up,Excavationpro,22,QZ-S63-23-25601,,,J:\ALL SOUND FILES\. KICK STREAM FOLDER\1 SOUNDCLOUD  DISTRO KID\22\Mic Check About to Fuk it up QZS632325601.wav,Mic Check About to Fuk it up QZS632325601.wav
Ride The Pony Type Chick EZBOY Mix (Feat Justin Helmer),Excavationpro,21,QZ-S63-23-33584,,,J:\ALL SOUND FILES\. KICK STREAM FOLDER\1 SOUNDCLOUD  DISTRO KID\21\Ride The Pony Type Chick EZBOY Mix (Feat Justin Helmer) QZS632333584.wav,Ride The Pony Type Chick EZBOY Mix (Feat Justin Helmer) QZS632333584.wav
Vibrator,Excavationpro,19,QZ-S63-23-34052,,,J:\ALL SOUND FILES\. KICK STREAM FOLDER\1 SOUNDCLOUD  DISTRO KID\19\Vibrator QZS632334052.wav,Vibrator QZS632334052.wav
Picnic Basket,Excavationpro,27,QZ-S63-23-37808,,,J:\ALL SOUND FILES\. KICK STREAM FOLDER\1 SOUNDCLOUD  DISTRO KID\27\Picnic Basket QZS632337808.wav,Picnic Basket QZS632337808.wav
Galaxy Quest,Excavationpro,27,QZ-S63-23-42520,,,J:\ALL SOUND FILES\. KICK STREAM FOLDER\1 SOUNDCLOUD  DISTRO KID\27\Galaxy Quest QZS632342520.wav,Galaxy Quest QZS632342520.wav
Scared Open Verse Beat,Excavationpro,instrumentals,QZ-S63-23-43643,,,J:\ALL SOUND FILES\. KICK STREAM FOLDER\HOME\HOME\1 SOUNDCLOUD  DISTRO KID\0 DONE ALBUM\28\instrumentals\Scared Open Verse Beat QZS632343643.wav,Scared Open Verse Beat QZS632343643.wav
Country Boy Eternal Debts Mix feat Justin Helmer,Excavationpro,22,QZ-S63-23-54482,,,J:\ALL SOUND FILES\. KICK STREAM FOLDER\1 SOUNDCLOUD  DISTRO KID\22\Country Boy Eternal Debts Mix feat Justin Helmer QZS632354482.wav,Country Boy Eternal Debts Mix feat Justin Helmer QZS632354482.wav
Mind Blast,Excavationpro,21,QZ-S63-23-61707,,,J:\ALL SOUND FILES\. KICK STREAM FOLDER\1 SOUNDCLOUD  DISTRO KID\21\Mind Blast QZS632361707.wav,Mind Blast QZS632361707.wav
Man or Myth,Excavationpro,23,QZ-S63-23-64754,,,J:\ALL SOUND FILES\. KICK STREAM FOLDER\1 SOUNDCLOUD  DISTRO KID\23\Man or Myth QZS632364754.wav,Man or Myth QZS632364754.wav
Weaponized Emotions,Excavationpro,20,QZ-S63-23-65987,,,J:\ALL SOUND FILES\. KICK STREAM FOLDER\1 SOUNDCLOUD  DISTRO KID\20\Weaponized Emotions QZS632365987.wav,Weaponized Emotions QZS632365987.wav
Liar Liar Pants on Fire,Excavationpro,26,QZ-S63-23-90268,,,J:\ALL SOUND FILES\. KICK STREAM FOLDER\1 SOUNDCLOUD  DISTRO KID\26\Liar Liar Pants on Fire QZS632390268.wav,Liar Liar Pants on Fire QZS632390268.wav
Masked Up (Mastered with Thunder at 80pct),Excavationpro,20,QZ-S63-23-96387,,,J:\ALL SOUND FILES\. KICK STREAM FOLDER\1 SOUNDCLOUD  DISTRO KID\20\Masked Up (Mastered with Thunder at 80pct) QZS632396387.wav,Masked Up (Mastered with Thunder at 80pct) QZS632396387.wav
Crushing feat Justin Helmer Jake Buzzard (Mastered with Thunder at 93pct),Excavationpro,5,QZ-S63-24-09934,,,J:\ALL SOUND FILES\. KICK STREAM FOLDER\1 SOUNDCLOUD  DISTRO KID\0 DONE ALBUM\5\Crushing feat Justin Helmer Jake Buzzard (Mastered with Thunder at 93pct) QZS632409934.wav,Crushing feat Justin Helmer Jake Buzzard (Mastered with Thunder at 93pct) QZS632409934.wav
Debauchery ft Justin Helmer,Excavationpro,8,QZ-S63-24-22971,,,J:\ALL SOUND FILES\. KICK STREAM FOLDER\1 SOUNDCLOUD  DISTRO KID\0 DONE ALBUM\8\Debauchery ft Justin Helmer QZS632422971.wav,Debauchery ft Justin Helmer QZS632422971.wav
Oh Canada,Excavationpro,New folder,QZ-S63-24-39276,,,J:\ALL SOUND FILES\. KICK STREAM FOLDER\1 SOUNDCLOUD  DISTRO KID\0 DONE ALBUM\10\New folder\Oh Canada QZS632439276.wav,Oh Canada QZS632439276.wav
Empire Open Verse feat Justin Helmer,Excavationpro,6,QZ-S63-24-44145,,,J:\ALL SOUND FILES\. KICK STREAM FOLDER\1 SOUNDCLOUD  DISTRO KID\0 DONE ALBUM\6\Empire Open Verse feat Justin Helmer QZS632444145.wav,Empire Open Verse feat Justin Helmer QZS632444145.wav
5AM Check In,Excavationpro,Done,QZ-S63-24-46839,,,J:\ALL SOUND FILES\. KICK STREAM FOLDER\1 SOUNDCLOUD  DISTRO KID\0 DONE ALBUM\11\Done\5AM Check In QZS632446839.wav,5AM Check In QZS632446839.wav
Low Rider,Excavationpro,Done,QZ-S63-24-47048,,,J:\ALL SOUND FILES\. KICK STREAM FOLDER\HOME\HOME\1 SOUNDCLOUD  DISTRO KID\0 DONE ALBUM\9\Done\Low Rider QZS632447048.wav,Low Rider QZS632447048.wav
Chaos Ninja,Excavationpro,DONE,QZ-S63-24-47596,,,J:\ALL SOUND FILES\. KICK STREAM FOLDER\1 SOUNDCLOUD  DISTRO KID\0 DONE ALBUM\14\DONE\Chaos Ninja QZS632447596.wav,Chaos Ninja QZS632447596.wav
Warrior,Excavationpro,DONE,QZ-S63-24-51169,,,J:\ALL SOUND FILES\. KICK STREAM FOLDER\1 SOUNDCLOUD  DISTRO KID\0 DONE ALBUM\14\DONE\Warrior QZS632451169.wav,Warrior QZS632451169.wav
Abnegation,Excavationpro,7,QZ-S63-24-52808,,,J:\ALL SOUND FILES\. KICK STREAM FOLDER\1 SOUNDCLOUD  DISTRO KID\0 DONE ALBUM\7\Abnegation QZS632452808.wav,Abnegation QZS632452808.wav
Dark Emotions (Mastered with Thunder at 95pct),Excavationpro,15,QZ-S63-24-59131,,,J:\ALL SOUND FILES\. KICK STREAM FOLDER\1 SOUNDCLOUD  DISTRO KID\0 DONE ALBUM\15\Dark Emotions (Mastered with Thunder at 95pct) QZS632459131.wav,Dark Emotions (Mastered with Thunder at 95pct) QZS632459131.wav
Madness feat Justin Helmer,Excavationpro,11,QZ-S63-24-75028,,,J:\ALL SOUND FILES\. KICK STREAM FOLDER\1 SOUNDCLOUD  DISTRO KID\0 DONE ALBUM\11\Madness feat Justin Helmer QZS632475028.wav,Madness feat Justin Helmer QZS632475028.wav
Clapping Open Verse,Excavationpro,New folder,QZ-S63-24-76048,,,J:\ALL SOUND FILES\. KICK STREAM FOLDER\1 SOUNDCLOUD  DISTRO KID\0 DONE ALBUM\15\New folder\Clapping Open Verse QZS632476048.wav,Clapping Open Verse QZS632476048.wav
Passion,Excavationpro,Done,QZ-S63-24-77022,,,J:\ALL SOUND FILES\. KICK STREAM FOLDER\1 SOUNDCLOUD  DISTRO KID\0 DONE ALBUM\10\New folder\Done\Done\Passion QZS632477022.wav,Passion QZS632477022.wav
Storm,Excavationpro,New folder,QZ-S63-24-80787,,,J:\ALL SOUND FILES\. KICK STREAM FOLDER\1 SOUNDCLOUD  DISTRO KID\0 DONE ALBUM\12\New folder\Storm QZS632480787.wav,Storm QZS632480787.wav
Quality of Life,Excavationpro,DONE,QZ-S63-24-82575,,,J:\ALL SOUND FILES\. KICK STREAM FOLDER\1 SOUNDCLOUD  DISTRO KID\0 DONE ALBUM\13\DONE\Quality of Life QZS632482575.wav,Quality of Life QZS632482575.wav
Water,Excavationpro,Done,QZ-S63-24-83496,,,J:\ALL SOUND FILES\. KICK STREAM FOLDER\1 SOUNDCLOUD  DISTRO KID\0 DONE ALBUM\11\Done\Water QZS632483496.wav,Water QZS632483496.wav
Invasion instrumental,Excavationpro,DONE,QZ-S63-24-85494,,,J:\ALL SOUND FILES\. KICK STREAM FOLDER\1 SOUNDCLOUD  DISTRO KID\0 DONE ALBUM\13\DONE\Invasion instrumental QZS632485494.wav,Invasion instrumental QZS632485494.wav
Blowing up clean beat,Excavationpro,New folder,QZ-S63-24-90025,,,J:\ALL SOUND FILES\. KICK STREAM FOLDER\HOME\HOME\1 SOUNDCLOUD  DISTRO KID\0 DONE ALBUM\9\New folder\Blowing up clean beat QZS632490025.wav,Blowing up clean beat QZS632490025.wav
Doomer,Excavationpro,New folder,QZ-S63-24-90908,,,J:\ALL SOUND FILES\. KICK STREAM FOLDER\1 SOUNDCLOUD  DISTRO KID\0 DONE ALBUM\10\New folder\Doomer QZS632490908.wav,Doomer QZS632490908.wav
Champion,Excavationpro,DONE,QZ-S63-24-93279,,,J:\ALL SOUND FILES\. KICK STREAM FOLDER\1 SOUNDCLOUD  DISTRO KID\0 DONE ALBUM\14\DONE\Champion QZS632493279.wav,Champion QZS632493279.wav
Cobra,Excavationpro,New folder,QZ-S63-24-99729,,,J:\ALL SOUND FILES\. KICK STREAM FOLDER\1 SOUNDCLOUD  DISTRO KID\0 DONE ALBUM\10\New folder\Cobra QZS632499729.wav,Cobra QZS632499729.wav
Midnight Vices,Excavationpro,4,QZ-S63-25-06313,,,J:\ALL SOUND FILES\. KICK STREAM FOLDER\1 SOUNDCLOUD  DISTRO KID\0 DONE ALBUM\4\Midnight Vices QZS632506313.wav,Midnight Vices QZS632506313.wav
Laser Blaster feat Justin Helmer,Excavationpro,5,QZ-S63-25-07496,,,J:\ALL SOUND FILES\. KICK STREAM FOLDER\1 SOUNDCLOUD  DISTRO KID\0 DONE ALBUM\5\Laser Blaster feat Justin Helmer QZS632507496.wav,Laser Blaster feat Justin Helmer QZS632507496.wav
Firefly Lights feat Justin Helmer,Excavationpro,2,QZ-S63-25-21424,,,J:\ALL SOUND FILES\. KICK STREAM FOLDER\1 SOUNDCLOUD  DISTRO KID\0 DONE ALBUM\2\Firefly Lights feat Justin Helmer QZS632521424.wav,Firefly Lights feat Justin Helmer QZS632521424.wav
Quantum Tears,Excavationpro,3,QZ-S63-25-64852,,,J:\ALL SOUND FILES\. KICK STREAM FOLDER\1 SOUNDCLOUD  DISTRO KID\0 DONE ALBUM\3\Quantum Tears QZS632564852.wav,Quantum Tears QZS632564852.wav
Biological Activities,Excavationpro,Done,QZ-S63-25-69016,,,J:\ALL SOUND FILES\. KICK STREAM FOLDER\1 SOUNDCLOUD  DISTRO KID\0 DONE ALBUM\3\Done\Biological Activities QZS632569016.wav,Biological Activities QZS632569016.wav
TITAN PROBE (Mastered with Aurora at 95pct),Excavationpro,PG 39,QZ-S64-21-15708,,,J:\ALL SOUND FILES\. KICK STREAM FOLDER\HOME\HOME\1 SOUNDCLOUD  DISTRO KID\PG 39\TITAN PROBE (Mastered with Aurora at 95pct) QZS642115708.mp3,TITAN PROBE (Mastered with Aurora at 95pct) QZS642115708.mp3
Augmented Reality,Excavationpro,PG 38,QZ-S64-21-24608,,,J:\ALL SOUND FILES\. KICK STREAM FOLDER\HOME\HOME\1 SOUNDCLOUD  DISTRO KID\PG 38\Augmented Reality QZS642124608.wav,Augmented Reality QZS642124608.wav
GoldDiggers,Excavationpro,PG 40 Done,QZ-S64-21-33993,,,J:\ALL SOUND FILES\. KICK STREAM FOLDER\HOME\HOME\1 SOUNDCLOUD  DISTRO KID\PG 40 Done\GoldDiggers QZS642133993.mp3,GoldDiggers QZS642133993.mp3
Road Tripn,Excavationpro,PG 40 Done,QZ-S64-21-46027,,,J:\ALL SOUND FILES\. KICK STREAM FOLDER\HOME\HOME\1 SOUNDCLOUD  DISTRO KID\PG 40 Done\Road Tripn QZS642146027.mp3,Road Tripn QZS642146027.mp3
Love Language,Excavationpro,PG 38,QZ-S64-21-97686,,,J:\ALL SOUND FILES\. KICK STREAM FOLDER\HOME\HOME\1 SOUNDCLOUD  DISTRO KID\PG 38\Love Language QZS642197686.wav,Love Language QZS642197686.wav
Could have been good,Excavationpro,Instrumentals,QZ-S64-22-00770,,,J:\ALL SOUND FILES\. KICK STREAM FOLDER\HOME\HOME\1 SOUNDCLOUD  DISTRO KID\32\Instrumentals\Could have been good QZS642200770,Could have been good QZS642200770
La Proxima Vez ft Ashesndreams,Excavationpro,Vocals,QZ-S64-22-05297,,,J:\ALL SOUND FILES\. KICK STREAM FOLDER\HOME\HOME\1 SOUNDCLOUD  DISTRO KID\30\Vocals\La Proxima Vez ft Ashesndreams QZS642205297.wav,La Proxima Vez ft Ashesndreams QZS642205297.wav
Survival Rate Instrumental Beat,Excavationpro,16,QZ-S64-22-06676,,,J:\ALL SOUND FILES\. KICK STREAM FOLDER\1 SOUNDCLOUD  DISTRO KID\16\Survival Rate Instrumental Beat QZS642206676.wav,Survival Rate Instrumental Beat QZS642206676.wav
Madaymine Lik,Excavationpro,Vocals,QZ-S64-22-06983,,,J:\ALL SOUND FILES\. KICK STREAM FOLDER\HOME\HOME\1 SOUNDCLOUD  DISTRO KID\31\Vocals\Madaymine Lik QZS642206983.wav,Madaymine Lik QZS642206983.wav
Fantasy Relationship,Excavationpro,Instrumentals,QZ-S64-22-11897,,,J:\ALL SOUND FILES\. KICK STREAM FOLDER\HOME\HOME\1 SOUNDCLOUD  DISTRO KID\33\Instrumentals\Fantasy Relationship QZS642211897.wav,Fantasy Relationship QZS642211897.wav
Pineal Horizon,Excavationpro,Vocals,QZ-S64-22-18284,,,J:\ALL SOUND FILES\. KICK STREAM FOLDER\HOME\HOME\1 SOUNDCLOUD  DISTRO KID\30\Vocals\Pineal Horizon QZS642218284.wav,Pineal Horizon QZS642218284.wav
Never Be The Same Country Karaoke Feat. Grafezzy (1) (Mastered with Clear Sky at 100pct),Excavationpro,Vocals,QZ-S64-22-32947,,,J:\ALL SOUND FILES\. KICK STREAM FOLDER\HOME\HOME\1 SOUNDCLOUD  DISTRO KID\34\Vocals\Never Be The Same Country Karaoke Feat. Grafezzy (1) (Mastered with Clear Sky at 100pct) QZS642232947.wav,Never Be The Same Country Karaoke Feat. Grafezzy (1) (Mastered with Clear Sky at 100pct) QZS642232947.wav
Rap To  It Challenge Poor Man Blues 2pac (Remix),Excavationpro,vocal,QZ-S64-22-34533,,,J:\ALL SOUND FILES\. KICK STREAM FOLDER\HOME\HOME\1 SOUNDCLOUD  DISTRO KID\36\vocal\Rap To  It Challenge Poor Man Blues 2pac (Remix) QZS642234533.wav,Rap To  It Challenge Poor Man Blues 2pac (Remix) QZS642234533.wav
Connected Reality,Excavationpro,17,QZ-S64-22-37059,,,J:\ALL SOUND FILES\. KICK STREAM FOLDER\1 SOUNDCLOUD  DISTRO KID\17\Connected Reality QZS642237059.wav,Connected Reality QZS642237059.wav
Play Time UK Drill Club Beat,Excavationpro,vocal,QZ-S64-22-39094,,,J:\ALL SOUND FILES\. KICK STREAM FOLDER\HOME\HOME\1 SOUNDCLOUD  DISTRO KID\36\vocal\Play Time UK Drill Club Beat QZS642239094.wav,Play Time UK Drill Club Beat QZS642239094.wav
Gone Mastered feat Justin Helmer 133,Excavationpro,18,QZ-S64-22-45706,,,J:\ALL SOUND FILES\. KICK STREAM FOLDER\1 SOUNDCLOUD  DISTRO KID\18\Gone Mastered feat Justin Helmer 133 QZS642245706.wav,Gone Mastered feat Justin Helmer 133 QZS642245706.wav
Babe Wanna Ride Whoa,Excavationpro,Vocals,QZ-S64-22-52564,,,J:\ALL SOUND FILES\. KICK STREAM FOLDER\HOME\HOME\1 SOUNDCLOUD  DISTRO KID\34\Vocals\Babe Wanna Ride Whoa QZS642252564.wav,Babe Wanna Ride Whoa QZS642252564.wav
RAPPERS REVENGE MAC MILLER INSPIRED MIC DROP BEAT (Mastered with Thunder at 100pct),Excavationpro,instrumental,QZ-S64-22-54969,,,J:\ALL SOUND FILES\. KICK STREAM FOLDER\HOME\HOME\1 SOUNDCLOUD  DISTRO KID\34\instrumental\RAPPERS REVENGE MAC MILLER INSPIRED MIC DROP BEAT (Mastered with Thunder at 100pct) QZS642254969.wav,RAPPERS REVENGE MAC MILLER INSPIRED MIC DROP BEAT (Mastered with Thunder at 100pct) QZS642254969.wav
Something to Believe,Excavationpro,instrumental,QZ-S64-22-55293,,,J:\ALL SOUND FILES\. KICK STREAM FOLDER\HOME\HOME\1 SOUNDCLOUD  DISTRO KID\34\instrumental\Something to Believe QZS642255293.wav,Something to Believe QZS642255293.wav
Soul Symphony,Excavationpro,instrumental,QZ-S64-22-61368,,,J:\ALL SOUND FILES\. KICK STREAM FOLDER\HOME\HOME\1 SOUNDCLOUD  DISTRO KID\34\instrumental\Soul Symphony QZS642261368.wav,Soul Symphony QZS642261368.wav
Golden Age,Excavationpro,18,QZ-S64-22-68790,,,J:\ALL SOUND FILES\. KICK STREAM FOLDER\1 SOUNDCLOUD  DISTRO KID\18\Golden Age QZS642268790.wav,Golden Age QZS642268790.wav
Bust a Move,Excavationpro,Instrumentals,QZ-S64-22-75676,,,J:\ALL SOUND FILES\. KICK STREAM FOLDER\HOME\HOME\1 SOUNDCLOUD  DISTRO KID\32\Instrumentals\Bust a Move QZS642275676.wav,Bust a Move QZS642275676.wav
FUTURE ROCK (Mastered with Thunder at 100pct),Excavationpro,instrumental,QZ-S64-22-82341,,,J:\ALL SOUND FILES\. KICK STREAM FOLDER\HOME\HOME\1 SOUNDCLOUD  DISTRO KID\34\instrumental\FUTURE ROCK (Mastered with Thunder at 100pct) QZS642282341.wav,FUTURE ROCK (Mastered with Thunder at 100pct) QZS642282341.wav
American State of Mind,Excavationpro,Vocals,QZ-S64-22-82725,,,J:\ALL SOUND FILES\. KICK STREAM FOLDER\HOME\HOME\1 SOUNDCLOUD  DISTRO KID\31\Vocals\American State of Mind QZS642282725.wav,American State of Mind QZS642282725.wav
Overdose Instrumental,Excavationpro,19,QZ-S64-22-99908,,,J:\ALL SOUND FILES\. KICK STREAM FOLDER\1 SOUNDCLOUD  DISTRO KID\19\Overdose Instrumental QZS642299908.wav,Overdose Instrumental QZS642299908.wav
Fantastic Voyage,Excavationpro,27,QZ-S64-23-00915,,,J:\ALL SOUND FILES\. KICK STREAM FOLDER\1 SOUNDCLOUD  DISTRO KID\27\Fantastic Voyage QZS642300915.wav,Fantastic Voyage QZS642300915.wav
Blur,Excavationpro,24,QZ-S64-23-16232,,,J:\ALL SOUND FILES\. KICK STREAM FOLDER\1 SOUNDCLOUD  DISTRO KID\24\Blur QZS642316232.wav,Blur QZS642316232.wav
Never Look Back,Excavationpro,23,QZ-S64-23-21083,,,J:\ALL SOUND FILES\. KICK STREAM FOLDER\1 SOUNDCLOUD  DISTRO KID\23\Never Look Back QZS642321083.wav,Never Look Back QZS642321083.wav
Look Into My Eyes,Excavationpro,20,QZ-S64-23-21860,,,J:\ALL SOUND FILES\. KICK STREAM FOLDER\1 SOUNDCLOUD  DISTRO KID\20\Look Into My Eyes QZS642321860.wav,Look Into My Eyes QZS642321860.wav
Connected to life,Excavationpro,19,QZ-S64-23-26301,,,J:\ALL SOUND FILES\. KICK STREAM FOLDER\1 SOUNDCLOUD  DISTRO KID\19\Connected to life QZS642326301.wav,Connected to life QZS642326301.wav
Natural Hippy,Excavationpro,21,QZ-S64-23-27544,,,J:\ALL SOUND FILES\. KICK STREAM FOLDER\1 SOUNDCLOUD  DISTRO KID\21\Natural Hippy QZS642327544.wav,Natural Hippy QZS642327544.wav
Sabonita,Excavationpro,25,QZ-S64-23-29443,,,J:\ALL SOUND FILES\. KICK STREAM FOLDER\1 SOUNDCLOUD  DISTRO KID\25\Sabonita QZS642329443.wav,Sabonita QZS642329443.wav
Buzzy Baraka,Excavationpro,25,QZ-S64-23-29797,,,J:\ALL SOUND FILES\. KICK STREAM FOLDER\1 SOUNDCLOUD  DISTRO KID\25\Buzzy Baraka QZS642329797.wav,Buzzy Baraka QZS642329797.wav
Burn it Down Instrumental,Excavationpro,20,QZ-S64-23-29939,,,J:\ALL SOUND FILES\. KICK STREAM FOLDER\1 SOUNDCLOUD  DISTRO KID\20\Burn it Down Instrumental QZS642329939.wav,Burn it Down Instrumental QZS642329939.wav
Organic Skunk,Excavationpro,27,QZ-S64-23-32719,,,J:\ALL SOUND FILES\. KICK STREAM FOLDER\1 SOUNDCLOUD  DISTRO KID\27\Organic Skunk QZS642332719.wav,Organic Skunk QZS642332719.wav
Soul Sold Separate,Excavationpro,27,QZ-S64-23-33047,,,J:\ALL SOUND FILES\. KICK STREAM FOLDER\1 SOUNDCLOUD  DISTRO KID\27\Soul Sold Separate QZS642333047.wav,Soul Sold Separate QZS642333047.wav
Crashing into Heaven,Excavationpro,21,QZ-S64-23-40841,,,J:\ALL SOUND FILES\. KICK STREAM FOLDER\1 SOUNDCLOUD  DISTRO KID\21\Crashing into Heaven QZS642340841.wav,Crashing into Heaven QZS642340841.wav
Chaos 2023,Excavationpro,instrumentals,QZ-S64-23-54557,,,J:\ALL SOUND FILES\. KICK STREAM FOLDER\HOME\HOME\1 SOUNDCLOUD  DISTRO KID\0 DONE ALBUM\28\instrumentals\Chaos 2023 QZS642354557.wav,Chaos 2023 QZS642354557.wav
Uncle Deadly Freestyle,Excavationpro,Vocals,QZ-S64-23-54762,,,J:\ALL SOUND FILES\. KICK STREAM FOLDER\HOME\HOME\1 SOUNDCLOUD  DISTRO KID\30\Vocals\Uncle Deadly Freestyle QZS642354762.wav,Uncle Deadly Freestyle QZS642354762.wav
Hip Full of Clips 808 Drill Beat,Excavationpro,Vocals,QZ-S64-23-58117,,,J:\ALL SOUND FILES\. KICK STREAM FOLDER\HOME\HOME\1 SOUNDCLOUD  DISTRO KID\30\Vocals\Hip Full of Clips 808 Drill Beat QZS642358117.wav,Hip Full of Clips 808 Drill Beat QZS642358117.wav
Hidden,Excavationpro,27,QZ-S64-23-73732,,,J:\ALL SOUND FILES\. KICK STREAM FOLDER\1 SOUNDCLOUD  DISTRO KID\27\Hidden QZS642373732.mp3,Hidden QZS642373732.mp3
Hoodie Hype,Excavationpro,24,QZ-S64-23-77052,,,J:\ALL SOUND FILES\. KICK STREAM FOLDER\1 SOUNDCLOUD  DISTRO KID\24\Hoodie Hype QZS642377052.wav,Hoodie Hype QZS642377052.wav
Lightning Strikes,Excavationpro,22,QZ-S64-23-80330,,,J:\ALL SOUND FILES\. KICK STREAM FOLDER\1 SOUNDCLOUD  DISTRO KID\22\Lightning Strikes QZS642380330.wav,Lightning Strikes QZS642380330.wav
Fresh Air,Excavationpro,25,QZ-S64-23-84175,,,J:\ALL SOUND FILES\. KICK STREAM FOLDER\1 SOUNDCLOUD  DISTRO KID\25\Fresh Air QZS642384175.wav,Fresh Air QZS642384175.wav
Lost in Memories,Excavationpro,22,QZ-S64-23-90280,,,J:\ALL SOUND FILES\. KICK STREAM FOLDER\1 SOUNDCLOUD  DISTRO KID\22\Lost in Memories QZS642390280.wav,Lost in Memories QZS642390280.wav
Ocean Deep,Excavationpro,27,QZ-S64-23-95547,,,J:\ALL SOUND FILES\. KICK STREAM FOLDER\1 SOUNDCLOUD  DISTRO KID\27\Ocean Deep QZS642395547.mp3,Ocean Deep QZS642395547.mp3
Sorrow,Excavationpro,New folder,QZ-S64-24-00833,,,J:\ALL SOUND FILES\. KICK STREAM FOLDER\1 SOUNDCLOUD  DISTRO KID\0 DONE ALBUM\12\New folder\Sorrow QZS642400833.wav,Sorrow QZS642400833.wav
Diamond ft Justin Helmer,Excavationpro,8,QZ-S64-24-12365,,,J:\ALL SOUND FILES\. KICK STREAM FOLDER\1 SOUNDCLOUD  DISTRO KID\0 DONE ALBUM\8\Diamond ft Justin Helmer QZS642412365.wav,Diamond ft Justin Helmer QZS642412365.wav
On Your Block Open Verse Remix,Excavationpro,15,QZ-S64-24-16131,,,J:\ALL SOUND FILES\. KICK STREAM FOLDER\1 SOUNDCLOUD  DISTRO KID\0 DONE ALBUM\15\On Your Block Open Verse Remix QZS642416131.wav,On Your Block Open Verse Remix QZS642416131.wav
"Black Birds feat Justin Helmer, Jake Buzzard (Mastered with Sunroof at 95pct)",Excavationpro,6,QZ-S64-24-21325,,,"J:\ALL SOUND FILES\. KICK STREAM FOLDER\1 SOUNDCLOUD  DISTRO KID\0 DONE ALBUM\6\Black Birds feat Justin Helmer, Jake Buzzard (Mastered with Sunroof at 95pct) QZS642421325.wav","Black Birds feat Justin Helmer, Jake Buzzard (Mastered with Sunroof at 95pct) QZS642421325.wav"
Nomophobia,Excavationpro,New folder,QZ-S64-24-25818,,,J:\ALL SOUND FILES\. KICK STREAM FOLDER\1 SOUNDCLOUD  DISTRO KID\0 DONE ALBUM\10\New folder\Nomophobia QZS642425818.wav,Nomophobia QZS642425818.wav
Man Power,Excavationpro,New folder,QZ-S64-24-25967,,,J:\ALL SOUND FILES\. KICK STREAM FOLDER\1 SOUNDCLOUD  DISTRO KID\0 DONE ALBUM\10\New folder\Man Power QZS642425967.wav,Man Power QZS642425967.wav
High Key,Excavationpro,New folder,QZ-S64-24-27649,,,J:\ALL SOUND FILES\. KICK STREAM FOLDER\1 SOUNDCLOUD  DISTRO KID\0 DONE ALBUM\10\New folder\High Key QZS642427649.wav,High Key QZS642427649.wav
Reflection wtf,Excavationpro,New folder,QZ-S64-24-30171,,,J:\ALL SOUND FILES\. KICK STREAM FOLDER\1 SOUNDCLOUD  DISTRO KID\0 DONE ALBUM\10\New folder\Reflection wtf QZS642430171.wav,Reflection wtf QZS642430171.wav
Secret Benefits,Excavationpro,New folder,QZ-S64-24-37426,,,J:\ALL SOUND FILES\. KICK STREAM FOLDER\1 SOUNDCLOUD  DISTRO KID\0 DONE ALBUM\8\New folder\Secret Benefits QZS642437426.wav,Secret Benefits QZS642437426.wav
Bad Men Open Verse Instrumental Beat,Excavationpro,16,QZ-S64-24-37830,,,J:\ALL SOUND FILES\. KICK STREAM FOLDER\1 SOUNDCLOUD  DISTRO KID\16\Bad Men Open Verse Instrumental Beat QZS642437830.wav,Bad Men Open Verse Instrumental Beat QZS642437830.wav
God,Excavationpro,New folder,QZ-S64-24-47455,,,J:\ALL SOUND FILES\. KICK STREAM FOLDER\1 SOUNDCLOUD  DISTRO KID\0 DONE ALBUM\12\New folder\God QZS642447455.wav,God QZS642447455.wav
Wrecked,Excavationpro,Done,QZ-S64-24-57691,,,J:\ALL SOUND FILES\. KICK STREAM FOLDER\1 SOUNDCLOUD  DISTRO KID\0 DONE ALBUM\11\Done\Wrecked QZS642457691.wav,Wrecked QZS642457691.wav
Visions ft Justin Helmer,Excavationpro,8,QZ-S64-24-63551,,,J:\ALL SOUND FILES\. KICK STREAM FOLDER\1 SOUNDCLOUD  DISTRO KID\0 DONE ALBUM\8\Visions ft Justin Helmer QZS642463551.wav,Visions ft Justin Helmer QZS642463551.wav
Running Up  feat Justin Helmer,Excavationpro,15,QZ-S64-24-65882,,,J:\ALL SOUND FILES\. KICK STREAM FOLDER\1 SOUNDCLOUD  DISTRO KID\0 DONE ALBUM\15\Running Up  feat Justin Helmer QZS642465882.wav,Running Up  feat Justin Helmer QZS642465882.wav
All For You,Excavationpro,DONE,QZ-S64-24-70235,,,J:\ALL SOUND FILES\. KICK STREAM FOLDER\1 SOUNDCLOUD  DISTRO KID\0 DONE ALBUM\14\DONE\All For You QZS642470235.wav,All For You QZS642470235.wav
Joana,Excavationpro,New folder,QZ-S64-24-73204,,,J:\ALL SOUND FILES\. KICK STREAM FOLDER\1 SOUNDCLOUD  DISTRO KID\0 DONE ALBUM\8\New folder\Joana QZS642473204.wav,Joana QZS642473204.wav
Sweet Dreams,Excavationpro,New folder,QZ-S64-24-83599,,,J:\ALL SOUND FILES\. KICK STREAM FOLDER\HOME\HOME\1 SOUNDCLOUD  DISTRO KID\0 DONE ALBUM\9\New folder\Sweet Dreams QZS642483599.wav,Sweet Dreams QZS642483599.wav
Beaming,Excavationpro,Done,QZ-S64-24-96653,,,J:\ALL SOUND FILES\. KICK STREAM FOLDER\1 SOUNDCLOUD  DISTRO KID\0 DONE ALBUM\5\Done\Beaming QZS642496653.wav,Beaming QZS642496653.wav
Situationship,Excavationpro,New folder,QZ-S64-24-98411,,,J:\ALL SOUND FILES\. KICK STREAM FOLDER\1 SOUNDCLOUD  DISTRO KID\0 DONE ALBUM\10\New folder\Situationship QZS642498411.wav,Situationship QZS642498411.wav
Rewind the World feat Justin Helmer,Excavationpro,2,QZ-S64-25-16404,,,J:\ALL SOUND FILES\. KICK STREAM FOLDER\1 SOUNDCLOUD  DISTRO KID\0 DONE ALBUM\2\Rewind the World feat Justin Helmer QZS642516404.wav,Rewind the World feat Justin Helmer QZS642516404.wav
Hype Squad feat Frank Zozky B Justin Helmer,Excavationpro,5,QZ-S64-25-19365,,,J:\ALL SOUND FILES\. KICK STREAM FOLDER\1 SOUNDCLOUD  DISTRO KID\0 DONE ALBUM\5\Hype Squad feat Frank Zozky B Justin Helmer QZS642519365.wav,Hype Squad feat Frank Zozky B Justin Helmer QZS642519365.wav
Crashing Out HD,Excavationpro,4,QZ-S64-25-31708,,,J:\ALL SOUND FILES\. KICK STREAM FOLDER\1 SOUNDCLOUD  DISTRO KID\0 DONE ALBUM\4\Crashing Out HD QZS642531708.wav,Crashing Out HD QZS642531708.wav
Coffee Cold feat Justin Helmer,Excavationpro,3,QZ-S64-25-68586,,,J:\ALL SOUND FILES\. KICK STREAM FOLDER\1 SOUNDCLOUD  DISTRO KID\0 DONE ALBUM\3\Coffee Cold feat Justin Helmer QZS642568586.wav,Coffee Cold feat Justin Helmer QZS642568586.wav
So What,Excavationpro,3,QZ-S64-25-79932,,,J:\ALL SOUND FILES\. KICK STREAM FOLDER\1 SOUNDCLOUD  DISTRO KID\0 DONE ALBUM\3\So What QZS642579932.wav,So What QZS642579932.wav
Prophecy,Excavationpro,4,QZ-S64-25-80153,,,J:\ALL SOUND FILES\. KICK STREAM FOLDER\1 SOUNDCLOUD  DISTRO KID\0 DONE ALBUM\4\Prophecy QZS642580153.wav,Prophecy QZS642580153.wav
Bricks feat Justin Helmer Jake Buzzard (Mastered with Thunder at 98pct),Excavationpro,5,QZ-S64-25-94075,,,J:\ALL SOUND FILES\. KICK STREAM FOLDER\1 SOUNDCLOUD  DISTRO KID\0 DONE ALBUM\5\Bricks feat Justin Helmer Jake Buzzard (Mastered with Thunder at 98pct) QZS642594075.wav,Bricks feat Justin Helmer Jake Buzzard (Mastered with Thunder at 98pct) QZS642594075.wav
Cloud Walker,Excavationpro,PG 40 Done,QZ-S65-21-01523,,,J:\ALL SOUND FILES\. KICK STREAM FOLDER\HOME\HOME\1 SOUNDCLOUD  DISTRO KID\PG 40 Done\Cloud Walker QZS652101523.mp3,Cloud Walker QZS652101523.mp3
High Speed Crash,Excavationpro,PG 40 Done,QZ-S65-21-09500,,,J:\ALL SOUND FILES\. KICK STREAM FOLDER\HOME\HOME\1 SOUNDCLOUD  DISTRO KID\PG 40 Done\High Speed Crash QZS652109500.mp3,High Speed Crash QZS652109500.mp3
Goodbye BabylyricsDONE (Mastered with Aurora at 90pct),Excavationpro,PG 38,QZ-S65-21-20948,,,J:\ALL SOUND FILES\. KICK STREAM FOLDER\HOME\HOME\1 SOUNDCLOUD  DISTRO KID\PG 38\Goodbye BabylyricsDONE (Mastered with Aurora at 90pct) QZS652120948.wav,Goodbye BabylyricsDONE (Mastered with Aurora at 90pct) QZS652120948.wav
Magic Carpet,Excavationpro,PG 39,QZ-S65-21-23634,,,J:\ALL SOUND FILES\. KICK STREAM FOLDER\HOME\HOME\1 SOUNDCLOUD  DISTRO KID\PG 39\Magic Carpet QZS652123634.mp3,Magic Carpet QZS652123634.mp3
Freshly Funky,Excavationpro,PG 40 Done,QZ-S65-21-34086,,,J:\ALL SOUND FILES\. KICK STREAM FOLDER\HOME\HOME\1 SOUNDCLOUD  DISTRO KID\PG 40 Done\Freshly Funky QZS652134086.mp3,Freshly Funky QZS652134086.mp3
Sugarbaby,Excavationpro,PG 39,QZ-S65-21-61986,,,J:\ALL SOUND FILES\. KICK STREAM FOLDER\HOME\HOME\1 SOUNDCLOUD  DISTRO KID\PG 39\Sugarbaby QZS652161986.mp3,Sugarbaby QZS652161986.mp3
No Funking Around,Excavationpro,PG 40 Done,QZ-S65-21-69928,,,J:\ALL SOUND FILES\. KICK STREAM FOLDER\HOME\HOME\1 SOUNDCLOUD  DISTRO KID\PG 40 Done\No Funking Around QZS652169928.mp3,No Funking Around QZS652169928.mp3
No Just Dance,Excavationpro,PG 39,QZ-S65-21-82238,,,J:\ALL SOUND FILES\. KICK STREAM FOLDER\HOME\HOME\1 SOUNDCLOUD  DISTRO KID\PG 39\No Just Dance QZS652182238.mp3,No Just Dance QZS652182238.mp3
Fatal Mistake (Mastered with Sunroof at 90pct),Excavationpro,PG 38,QZ-S65-21-83910,,,J:\ALL SOUND FILES\. KICK STREAM FOLDER\HOME\HOME\1 SOUNDCLOUD  DISTRO KID\PG 38\Fatal Mistake (Mastered with Sunroof at 90pct) QZS652183910.wav,Fatal Mistake (Mastered with Sunroof at 90pct) QZS652183910.wav
Upside Down,Excavationpro,PG 40 Done,QZ-S65-21-87598,,,J:\ALL SOUND FILES\. KICK STREAM FOLDER\HOME\HOME\1 SOUNDCLOUD  DISTRO KID\PG 40 Done\Upside Down QZS652187598.mp3,Upside Down QZS652187598.mp3
Gold For Love,Excavationpro,Instrumentals,QZ-S65-22-21443,,,J:\ALL SOUND FILES\. KICK STREAM FOLDER\HOME\HOME\1 SOUNDCLOUD  DISTRO KID\33\Instrumentals\Gold For Love QZS652221443.wav,Gold For Love QZS652221443.wav
East to West,Excavationpro,Instrumentals,QZ-S65-22-26187,,,J:\ALL SOUND FILES\. KICK STREAM FOLDER\HOME\HOME\1 SOUNDCLOUD  DISTRO KID\30\Instrumentals\East to West QZS652226187.wav,East to West QZS652226187.wav
Got Got Got Eww Instrumental Beat,Excavationpro,16,QZ-S65-22-27682,,,J:\ALL SOUND FILES\. KICK STREAM FOLDER\1 SOUNDCLOUD  DISTRO KID\16\Got Got Got Eww Instrumental Beat QZS652227682.wav,Got Got Got Eww Instrumental Beat QZS652227682.wav
Ponder,Excavationpro,Vocals,QZ-S65-22-35594,,,J:\ALL SOUND FILES\. KICK STREAM FOLDER\HOME\HOME\1 SOUNDCLOUD  DISTRO KID\PG 37\Vocals\Ponder QZS652235594.wav,Ponder QZS652235594.wav
Do You Think About Me,Excavationpro,Instrumentals,QZ-S65-22-39138,,,J:\ALL SOUND FILES\. KICK STREAM FOLDER\HOME\HOME\1 SOUNDCLOUD  DISTRO KID\33\Instrumentals\Do You Think About Me QZS652239138.wav,Do You Think About Me QZS652239138.wav
Mind Games feat Justin Helmer,Excavationpro,17,QZ-S65-22-45805,,,J:\ALL SOUND FILES\. KICK STREAM FOLDER\1 SOUNDCLOUD  DISTRO KID\17\Mind Games feat Justin Helmer QZS652245805.wav,Mind Games feat Justin Helmer QZS652245805.wav
Life Sentence that makes you think,Excavationpro,Vocals,QZ-S65-22-48880,,,J:\ALL SOUND FILES\. KICK STREAM FOLDER\HOME\HOME\1 SOUNDCLOUD  DISTRO KID\34\Vocals\Life Sentence that makes you think QZS652248880.wav,Life Sentence that makes you think QZS652248880.wav
LYRICAL ASSASSIN (Feat. NORAD) (Mastered with Thunder at 100pct),Excavationpro,Vocals,QZ-S65-22-56289,,,J:\ALL SOUND FILES\. KICK STREAM FOLDER\HOME\HOME\1 SOUNDCLOUD  DISTRO KID\34\Vocals\LYRICAL ASSASSIN (Feat. NORAD) (Mastered with Thunder at 100pct) QZS652256289.wav,LYRICAL ASSASSIN (Feat. NORAD) (Mastered with Thunder at 100pct) QZS652256289.wav
You Never know,Excavationpro,Vocals,QZ-S65-22-58894,,,J:\ALL SOUND FILES\. KICK STREAM FOLDER\HOME\HOME\1 SOUNDCLOUD  DISTRO KID\PG 37\Vocals\You Never know QZS652258894.wav,You Never know QZS652258894.wav
Blind Date Beat,Excavationpro,Instrumentals,QZ-S65-22-61922,,,J:\ALL SOUND FILES\. KICK STREAM FOLDER\HOME\HOME\1 SOUNDCLOUD  DISTRO KID\33\Instrumentals\Blind Date Beat QZS652261922.wav,Blind Date Beat QZS652261922.wav
Never Gonna Love Song by Excavationpro,Excavationpro,Vocals,QZ-S65-22-63181,,,J:\ALL SOUND FILES\. KICK STREAM FOLDER\HOME\HOME\1 SOUNDCLOUD  DISTRO KID\30\Vocals\Never Gonna Love Song by Excavationpro QZS652263181.wav,Never Gonna Love Song by Excavationpro QZS652263181.wav
XPRO Synth Beat,Excavationpro,Vocals,QZ-S65-22-81636,,,J:\ALL SOUND FILES\. KICK STREAM FOLDER\HOME\HOME\1 SOUNDCLOUD  DISTRO KID\PG 37\Vocals\XPRO Synth Beat QZS652281636.wav,XPRO Synth Beat QZS652281636.wav
You Never Told Me (Mastered with Sunroof at 100pct),Excavationpro,Vocals,QZ-S65-22-82913,,,J:\ALL SOUND FILES\. KICK STREAM FOLDER\HOME\HOME\1 SOUNDCLOUD  DISTRO KID\30\Vocals\You Never Told Me (Mastered with Sunroof at 100pct) QZS652282913.wav,You Never Told Me (Mastered with Sunroof at 100pct) QZS652282913.wav
Release The Pressure CLEM Feat Excavationpro,Excavationpro,Vocals,QZ-S65-22-84647,,,J:\ALL SOUND FILES\. KICK STREAM FOLDER\HOME\HOME\1 SOUNDCLOUD  DISTRO KID\34\Vocals\Release The Pressure CLEM Feat Excavationpro QZS652284647.wav,Release The Pressure CLEM Feat Excavationpro QZS652284647.wav
rap 120 smooth freestyle original beat stars xpro 5 TK12038612.wav,Excavationpro,instrumental,QZ-S65-22-88273,,,J:\ALL SOUND FILES\. KICK STREAM FOLDER\HOME\HOME\1 SOUNDCLOUD  DISTRO KID\34\instrumental\rap-120-smooth-freestyle-original-beat-stars-xpro-5_TK12038612.wav QZS652288273.wav,rap-120-smooth-freestyle-original-beat-stars-xpro-5_TK12038612.wav QZS652288273.wav
XForce Beat Loop One,Excavationpro,Vocals,QZ-S65-22-88675,,,J:\ALL SOUND FILES\. KICK STREAM FOLDER\HOME\HOME\1 SOUNDCLOUD  DISTRO KID\PG 37\Vocals\XForce Beat Loop One QZS652288675.wav,XForce Beat Loop One QZS652288675.wav
Everything You Wanted,Excavationpro,Instrumentals,QZ-S65-22-90103,,,J:\ALL SOUND FILES\. KICK STREAM FOLDER\HOME\HOME\1 SOUNDCLOUD  DISTRO KID\33\Instrumentals\Everything You Wanted QZS652290103.wav,Everything You Wanted QZS652290103.wav
Gassed Up feat Justin Helmer Extended,Excavationpro,18,QZ-S65-22-99203,,,J:\ALL SOUND FILES\. KICK STREAM FOLDER\1 SOUNDCLOUD  DISTRO KID\18\Gassed Up feat Justin Helmer Extended QZS652299203.wav,Gassed Up feat Justin Helmer Extended QZS652299203.wav
Brothers,Excavationpro,27,QZ-S65-23-06642,,,J:\ALL SOUND FILES\. KICK STREAM FOLDER\1 SOUNDCLOUD  DISTRO KID\27\Brothers QZS652306642.mp3,Brothers QZS652306642.mp3
Vibe Check Instrumental,Excavationpro,19,QZ-S65-23-08647,,,J:\ALL SOUND FILES\. KICK STREAM FOLDER\1 SOUNDCLOUD  DISTRO KID\19\Vibe Check Instrumental QZS652308647.wav,Vibe Check Instrumental QZS652308647.wav
Cruise Everlasting (Mastered with Aurora at 100pct),Excavationpro,26,QZ-S65-23-10018,,,J:\ALL SOUND FILES\. KICK STREAM FOLDER\1 SOUNDCLOUD  DISTRO KID\26\Cruise Everlasting (Mastered with Aurora at 100pct) QZS652310018.wav,Cruise Everlasting (Mastered with Aurora at 100pct) QZS652310018.wav
Good For You,Excavationpro,25,QZ-S65-23-10230,,,J:\ALL SOUND FILES\. KICK STREAM FOLDER\1 SOUNDCLOUD  DISTRO KID\25\Good For You QZS652310230.wav,Good For You QZS652310230.wav
Midnight Feels,Excavationpro,23,QZ-S65-23-11438,,,J:\ALL SOUND FILES\. KICK STREAM FOLDER\1 SOUNDCLOUD  DISTRO KID\23\Midnight Feels QZS652311438.wav,Midnight Feels QZS652311438.wav
Thrill Ride Mix Life is a Rollercoaster,Excavationpro,22,QZ-S65-23-13764,,,J:\ALL SOUND FILES\. KICK STREAM FOLDER\1 SOUNDCLOUD  DISTRO KID\22\Thrill Ride Mix Life is a Rollercoaster QZS652313764.wav,Thrill Ride Mix Life is a Rollercoaster QZS652313764.wav
Never Again,Excavationpro,22,QZ-S65-23-19101,,,J:\ALL SOUND FILES\. KICK STREAM FOLDER\1 SOUNDCLOUD  DISTRO KID\22\Never Again QZS652319101.wav,Never Again QZS652319101.wav
Bad Boy Shh Hit Beat tag,Excavationpro,Instrumentals,QZ-S65-23-19293,,,J:\ALL SOUND FILES\. KICK STREAM FOLDER\HOME\HOME\1 SOUNDCLOUD  DISTRO KID\30\Instrumentals\Bad Boy Shh Hit Beat tag QZS652319293.wav,Bad Boy Shh Hit Beat tag QZS652319293.wav
Imagine 311,Excavationpro,26,QZ-S65-23-23879,,,J:\ALL SOUND FILES\. KICK STREAM FOLDER\1 SOUNDCLOUD  DISTRO KID\26\Imagine 311 QZS652323879.wav,Imagine 311 QZS652323879.wav
Night Crawler Instrumental,Excavationpro,22,QZ-S65-23-28396,,,J:\ALL SOUND FILES\. KICK STREAM FOLDER\1 SOUNDCLOUD  DISTRO KID\22\Night Crawler Instrumental QZS652328396.wav,Night Crawler Instrumental QZS652328396.wav
E Motion,Excavationpro,21,QZ-S65-23-38962,,,J:\ALL SOUND FILES\. KICK STREAM FOLDER\1 SOUNDCLOUD  DISTRO KID\21\E Motion QZS652338962.wav,E Motion QZS652338962.wav
Dave x,Excavationpro,21,QZ-S65-23-47417,,,J:\ALL SOUND FILES\. KICK STREAM FOLDER\1 SOUNDCLOUD  DISTRO KID\21\Dave x QZS652347417.mp3,Dave x QZS652347417.mp3
Rampage Instrumental (1),Excavationpro,20,QZ-S65-23-47813,,,J:\ALL SOUND FILES\. KICK STREAM FOLDER\1 SOUNDCLOUD  DISTRO KID\20\Rampage Instrumental (1) QZS652347813.wav,Rampage Instrumental (1) QZS652347813.wav
When 18 Hertz,Excavationpro,20,QZ-S65-23-60536,,,J:\ALL SOUND FILES\. KICK STREAM FOLDER\1 SOUNDCLOUD  DISTRO KID\20\When 18 Hertz QZS652360536.wav,When 18 Hertz QZS652360536.wav
Synthetic Dreams,Excavationpro,24,QZ-S65-23-68317,,,J:\ALL SOUND FILES\. KICK STREAM FOLDER\1 SOUNDCLOUD  DISTRO KID\24\Synthetic Dreams QZS652368317.wav,Synthetic Dreams QZS652368317.wav
Imported Denial,Excavationpro,19,QZ-S65-23-70229,,,J:\ALL SOUND FILES\. KICK STREAM FOLDER\1 SOUNDCLOUD  DISTRO KID\19\Imported Denial QZS652370229.wav,Imported Denial QZS652370229.wav
Kicken it,Excavationpro,26,QZ-S65-23-76697,,,J:\ALL SOUND FILES\. KICK STREAM FOLDER\1 SOUNDCLOUD  DISTRO KID\26\Kicken it QZS652376697.wav,Kicken it QZS652376697.wav
Wish,Excavationpro,26,QZ-S65-23-79007,,,J:\ALL SOUND FILES\. KICK STREAM FOLDER\1 SOUNDCLOUD  DISTRO KID\26\Wish QZS652379007.wav,Wish QZS652379007.wav
Feral Emotion,Excavationpro,23,QZ-S65-23-79614,,,J:\ALL SOUND FILES\. KICK STREAM FOLDER\1 SOUNDCLOUD  DISTRO KID\23\Feral Emotion QZS652379614.wav,Feral Emotion QZS652379614.wav
Ancient Spirits,Excavationpro,22,QZ-S65-23-84517,,,J:\ALL SOUND FILES\. KICK STREAM FOLDER\1 SOUNDCLOUD  DISTRO KID\22\Ancient Spirits QZS652384517.wav,Ancient Spirits QZS652384517.wav
Wonder,Excavationpro,26,QZ-S65-23-88698,,,J:\ALL SOUND FILES\. KICK STREAM FOLDER\1 SOUNDCLOUD  DISTRO KID\26\Wonder QZS652388698.wav,Wonder QZS652388698.wav
Never Ending Story Retold,Excavationpro,26,QZ-S65-23-90767,,,J:\ALL SOUND FILES\. KICK STREAM FOLDER\1 SOUNDCLOUD  DISTRO KID\26\Never Ending Story Retold QZS652390767.wav,Never Ending Story Retold QZS652390767.wav
Happy,Excavationpro,Done,QZ-S65-24-08701,,,J:\ALL SOUND FILES\. KICK STREAM FOLDER\1 SOUNDCLOUD  DISTRO KID\0 DONE ALBUM\10\New folder\Done\Done\Happy QZS652408701.wav,Happy QZS652408701.wav
Bussin,Excavationpro,New folder,QZ-S65-24-13881,,,J:\ALL SOUND FILES\. KICK STREAM FOLDER\1 SOUNDCLOUD  DISTRO KID\0 DONE ALBUM\10\New folder\Bussin QZS652413881.wav,Bussin QZS652413881.wav
"Shook feat Justin Helmer, Jake Buzzard (Mastered with Sunroof at 96pct)",Excavationpro,6,QZ-S65-24-14060,,,"J:\ALL SOUND FILES\. KICK STREAM FOLDER\1 SOUNDCLOUD  DISTRO KID\0 DONE ALBUM\6\Shook feat Justin Helmer, Jake Buzzard (Mastered with Sunroof at 96pct) QZS652414060.wav","Shook feat Justin Helmer, Jake Buzzard (Mastered with Sunroof at 96pct) QZS652414060.wav"
Rub The Lamp,Excavationpro,DONE,QZ-S65-24-17574,,,J:\ALL SOUND FILES\. KICK STREAM FOLDER\1 SOUNDCLOUD  DISTRO KID\0 DONE ALBUM\14\DONE\Rub The Lamp QZS652417574.wav,Rub The Lamp QZS652417574.wav
Limited Time Offer,Excavationpro,DONE,QZ-S65-24-20177,,,J:\ALL SOUND FILES\. KICK STREAM FOLDER\1 SOUNDCLOUD  DISTRO KID\0 DONE ALBUM\13\DONE\Limited Time Offer QZS652420177.wav,Limited Time Offer QZS652420177.wav
Fatuous,Excavationpro,7,QZ-S65-24-24708,,,J:\ALL SOUND FILES\. KICK STREAM FOLDER\1 SOUNDCLOUD  DISTRO KID\0 DONE ALBUM\7\Fatuous QZS652424708.wav,Fatuous QZS652424708.wav
Focused,Excavationpro,Done,QZ-S65-24-49925,,,J:\ALL SOUND FILES\. KICK STREAM FOLDER\1 SOUNDCLOUD  DISTRO KID\0 DONE ALBUM\10\New folder\Done\Done\Focused QZS652449925.wav,Focused QZS652449925.wav
Emotion Ocean,Excavationpro,DONE,QZ-S65-24-53848,,,J:\ALL SOUND FILES\. KICK STREAM FOLDER\1 SOUNDCLOUD  DISTRO KID\0 DONE ALBUM\14\DONE\Emotion Ocean QZS652453848.wav,Emotion Ocean QZS652453848.wav
Crashing Waves,Excavationpro,Done,QZ-S65-24-57124,,,J:\ALL SOUND FILES\. KICK STREAM FOLDER\1 SOUNDCLOUD  DISTRO KID\0 DONE ALBUM\7\Done\Crashing Waves QZS652457124.wav,Crashing Waves QZS652457124.wav
Discovery,Excavationpro,DONE,QZ-S65-24-66172,,,J:\ALL SOUND FILES\. KICK STREAM FOLDER\1 SOUNDCLOUD  DISTRO KID\0 DONE ALBUM\13\DONE\Discovery QZS652466172.wav,Discovery QZS652466172.wav
System Shock feat B Justin Helmer (Mastered with Sunroof at 90pct),Excavationpro,6,QZ-S65-24-74538,,,J:\ALL SOUND FILES\. KICK STREAM FOLDER\1 SOUNDCLOUD  DISTRO KID\0 DONE ALBUM\6\System Shock feat B Justin Helmer (Mastered with Sunroof at 90pct) QZS652474538.wav,System Shock feat B Justin Helmer (Mastered with Sunroof at 90pct) QZS652474538.wav
Good Head,Excavationpro,8,QZ-S65-24-83234,,,J:\ALL SOUND FILES\. KICK STREAM FOLDER\1 SOUNDCLOUD  DISTRO KID\0 DONE ALBUM\8\Good Head QZS652483234.wav,Good Head QZS652483234.wav
Fury Instrumental Beat,Excavationpro,16,QZ-S65-24-85982,,,J:\ALL SOUND FILES\. KICK STREAM FOLDER\1 SOUNDCLOUD  DISTRO KID\16\Fury Instrumental Beat QZS652485982.wav,Fury Instrumental Beat QZS652485982.wav
Genius,Excavationpro,New folder,QZ-S65-24-90064,,,J:\ALL SOUND FILES\. KICK STREAM FOLDER\1 SOUNDCLOUD  DISTRO KID\0 DONE ALBUM\12\New folder\Genius QZS652490064.wav,Genius QZS652490064.wav
PRISM   Excavationpro,Excavationpro,New folder,QZ-S65-24-90965,,,J:\ALL SOUND FILES\. KICK STREAM FOLDER\1 SOUNDCLOUD  DISTRO KID\0 DONE ALBUM\15\New folder\PRISM - Excavationpro QZS652490965.wav,PRISM - Excavationpro QZS652490965.wav
Fire Storm Feat Justin Helmer (Mastered with Sunroof at 95pct),Excavationpro,6,QZ-S65-24-94827,,,J:\ALL SOUND FILES\. KICK STREAM FOLDER\1 SOUNDCLOUD  DISTRO KID\0 DONE ALBUM\6\Fire Storm Feat Justin Helmer (Mastered with Sunroof at 95pct) QZS652494827.wav,Fire Storm Feat Justin Helmer (Mastered with Sunroof at 95pct) QZS652494827.wav
Turmoil,Excavationpro,Done,QZ-S65-24-97135,,,J:\ALL SOUND FILES\. KICK STREAM FOLDER\1 SOUNDCLOUD  DISTRO KID\0 DONE ALBUM\10\New folder\Done\Done\Turmoil QZS652497135.wav,Turmoil QZS652497135.wav
Excellent Adventure,Excavationpro,PG 40 Done,QZ-S66-21-04496,,,J:\ALL SOUND FILES\. KICK STREAM FOLDER\HOME\HOME\1 SOUNDCLOUD  DISTRO KID\PG 40 Done\Excellent Adventure QZS662104496.mp3,Excellent Adventure QZS662104496.mp3
Heartless Reality,Excavationpro,PG 39,QZ-S66-21-10434,,,J:\ALL SOUND FILES\. KICK STREAM FOLDER\HOME\HOME\1 SOUNDCLOUD  DISTRO KID\PG 39\Heartless Reality QZS662110434.mp3,Heartless Reality QZS662110434.mp3
CloseyoureyesDone,Excavationpro,PG 39,QZ-S66-21-14659,,,J:\ALL SOUND FILES\. KICK STREAM FOLDER\HOME\HOME\1 SOUNDCLOUD  DISTRO KID\PG 39\CloseyoureyesDone QZS662114659.mp3,CloseyoureyesDone QZS662114659.mp3
Netherstorm,Excavationpro,PG 38,QZ-S66-21-25020,,,J:\ALL SOUND FILES\. KICK STREAM FOLDER\HOME\HOME\1 SOUNDCLOUD  DISTRO KID\PG 38\Netherstorm QZS662125020.mp3,Netherstorm QZS662125020.mp3
Ocean Love,Excavationpro,PG 39,QZ-S66-21-28046,,,J:\ALL SOUND FILES\. KICK STREAM FOLDER\HOME\HOME\1 SOUNDCLOUD  DISTRO KID\PG 39\Ocean Love QZS662128046.mp3,Ocean Love QZS662128046.mp3
Breaking the matrix,Excavationpro,PG 39,QZ-S66-21-32696,,,J:\ALL SOUND FILES\. KICK STREAM FOLDER\HOME\HOME\1 SOUNDCLOUD  DISTRO KID\PG 39\Breaking the matrix QZS662132696.mp3,Breaking the matrix QZS662132696.mp3
Prize Money,Excavationpro,PG 40 Done,QZ-S66-21-35256,,,J:\ALL SOUND FILES\. KICK STREAM FOLDER\HOME\HOME\1 SOUNDCLOUD  DISTRO KID\PG 40 Done\Prize Money QZS662135256.mp3,Prize Money QZS662135256.mp3
Diamond Diggers,Excavationpro,PG 38,QZ-S66-21-52027,,,J:\ALL SOUND FILES\. KICK STREAM FOLDER\HOME\HOME\1 SOUNDCLOUD  DISTRO KID\PG 38\Diamond Diggers QZS662152027.mp3,Diamond Diggers QZS662152027.mp3
Blast Off Beat,Excavationpro,PG 39,QZ-S66-21-70051,,,J:\ALL SOUND FILES\. KICK STREAM FOLDER\HOME\HOME\1 SOUNDCLOUD  DISTRO KID\PG 39\Blast Off Beat QZS662170051.mp3,Blast Off Beat QZS662170051.mp3
Soul Assassins,Excavationpro,PG 40 Done,QZ-S66-21-78584,,,J:\ALL SOUND FILES\. KICK STREAM FOLDER\HOME\HOME\1 SOUNDCLOUD  DISTRO KID\PG 40 Done\Soul Assassins QZS662178584.mp3,Soul Assassins QZS662178584.mp3
First Contact,Excavationpro,PG 39,QZ-S66-21-84885,,,J:\ALL SOUND FILES\. KICK STREAM FOLDER\HOME\HOME\1 SOUNDCLOUD  DISTRO KID\PG 39\First Contact QZS662184885.mp3,First Contact QZS662184885.mp3
The Veil Clean X,Excavationpro,instrumental,QZ-S66-22-02221,,,J:\ALL SOUND FILES\. KICK STREAM FOLDER\HOME\HOME\1 SOUNDCLOUD  DISTRO KID\34\instrumental\The Veil Clean X QZS662202221.wav,The Veil Clean X QZS662202221.wav
LYRICAL ASSASSIN 2PACOLYPSE 16 ON DEATH ROW REMIX,Excavationpro,vocal,QZ-S66-22-09913,,,J:\ALL SOUND FILES\. KICK STREAM FOLDER\HOME\HOME\1 SOUNDCLOUD  DISTRO KID\36\vocal\LYRICAL ASSASSIN 2PACOLYPSE 16 ON DEATH ROW REMIX QZS662209913.wav,LYRICAL ASSASSIN 2PACOLYPSE 16 ON DEATH ROW REMIX QZS662209913.wav
Darkness,Excavationpro,19,QZ-S66-22-17137,,,J:\ALL SOUND FILES\. KICK STREAM FOLDER\1 SOUNDCLOUD  DISTRO KID\19\Darkness QZS662217137.wav,Darkness QZS662217137.wav
This Will Kill Me (Mastered with Thunder at 100pct),Excavationpro,vocal,QZ-S66-22-24264,,,J:\ALL SOUND FILES\. KICK STREAM FOLDER\HOME\HOME\1 SOUNDCLOUD  DISTRO KID\36\vocal\This Will Kill Me (Mastered with Thunder at 100pct) QZS662224264.wav,This Will Kill Me (Mastered with Thunder at 100pct) QZS662224264.wav
Mountain Climbing,Excavationpro,Instrumentals,QZ-S66-22-27427,,,J:\ALL SOUND FILES\. KICK STREAM FOLDER\HOME\HOME\1 SOUNDCLOUD  DISTRO KID\33\Instrumentals\Mountain Climbing QZS662227427.wav,Mountain Climbing QZS662227427.wav
tribal 120 drum beat stars madness xpro 2 TK12022847,Excavationpro,instrumental,QZ-S66-22-45943,,,J:\ALL SOUND FILES\. KICK STREAM FOLDER\HOME\HOME\1 SOUNDCLOUD  DISTRO KID\34\instrumental\tribal-120-drum-beat-stars-madness-xpro-2_TK12022847 QZS662245943.wav,tribal-120-drum-beat-stars-madness-xpro-2_TK12022847 QZS662245943.wav
I'm a Genius Beat (2) (Mastered with Aurora at 99pct),Excavationpro,Vocals,QZ-S66-22-53103,,,J:\ALL SOUND FILES\. KICK STREAM FOLDER\HOME\HOME\1 SOUNDCLOUD  DISTRO KID\PG 37\Vocals\I'm a Genius Beat (2) (Mastered with Aurora at 99pct) QZS662253103.wav,I'm a Genius Beat (2) (Mastered with Aurora at 99pct) QZS662253103.wav
Girl Blow My Mind (Mastered with Thunder at 99pct),Excavationpro,Vocals,QZ-S66-22-57472,,,J:\ALL SOUND FILES\. KICK STREAM FOLDER\HOME\HOME\1 SOUNDCLOUD  DISTRO KID\34\Vocals\Girl Blow My Mind (Mastered with Thunder at 99pct) QZS662257472.wav,Girl Blow My Mind (Mastered with Thunder at 99pct) QZS662257472.wav
Rock Karaoke BeatStars Beat,Excavationpro,Instrumentals,QZ-S66-22-59742,,,J:\ALL SOUND FILES\. KICK STREAM FOLDER\HOME\HOME\1 SOUNDCLOUD  DISTRO KID\30\Instrumentals\Rock Karaoke BeatStars Beat QZS662259742.wav,Rock Karaoke BeatStars Beat QZS662259742.wav
Dead Zone feat Stevie Rain,Excavationpro,17,QZ-S66-22-69992,,,J:\ALL SOUND FILES\. KICK STREAM FOLDER\1 SOUNDCLOUD  DISTRO KID\17\Dead Zone feat Stevie Rain QZS662269992.wav,Dead Zone feat Stevie Rain QZS662269992.wav
Precious,Excavationpro,Instrumentals,QZ-S66-22-74873,,,J:\ALL SOUND FILES\. KICK STREAM FOLDER\HOME\HOME\1 SOUNDCLOUD  DISTRO KID\32\Instrumentals\Precious QZS662274873.wav,Precious QZS662274873.wav
Knight Rider High Energy Beat Loop,Excavationpro,instrumental,QZ-S66-22-80170,,,J:\ALL SOUND FILES\. KICK STREAM FOLDER\HOME\HOME\1 SOUNDCLOUD  DISTRO KID\34\instrumental\Knight Rider High Energy Beat Loop QZS662280170.wav,Knight Rider High Energy Beat Loop QZS662280170.wav
Pill Poppin Rampage,Excavationpro,Vocals,QZ-S66-22-83964,,,J:\ALL SOUND FILES\. KICK STREAM FOLDER\HOME\HOME\1 SOUNDCLOUD  DISTRO KID\30\Vocals\Pill Poppin Rampage QZS662283964.wav,Pill Poppin Rampage QZS662283964.wav
Arp Hero One Take Xpro Beat,Excavationpro,instrumental,QZ-S66-22-85444,,,J:\ALL SOUND FILES\. KICK STREAM FOLDER\HOME\HOME\1 SOUNDCLOUD  DISTRO KID\34\instrumental\Arp Hero One Take Xpro Beat QZS662285444.wav,Arp Hero One Take Xpro Beat QZS662285444.wav
Don't Forget About Me,Excavationpro,Instrumentals,QZ-S66-22-85968,,,J:\ALL SOUND FILES\. KICK STREAM FOLDER\HOME\HOME\1 SOUNDCLOUD  DISTRO KID\32\Instrumentals\Don't Forget About Me QZS662285968.wav,Don't Forget About Me QZS662285968.wav
Story About Trust 2,Excavationpro,17,QZ-S66-22-88829,,,J:\ALL SOUND FILES\. KICK STREAM FOLDER\1 SOUNDCLOUD  DISTRO KID\17\Story About Trust 2 QZS662288829.wav,Story About Trust 2 QZS662288829.wav
COUNTRY KARAOKE 100,Excavationpro,instrumental,QZ-S66-22-92097,,,J:\ALL SOUND FILES\. KICK STREAM FOLDER\HOME\HOME\1 SOUNDCLOUD  DISTRO KID\34\instrumental\COUNTRY KARAOKE 100 QZS662292097.wav,COUNTRY KARAOKE 100 QZS662292097.wav
Ding a ling ling ling,Excavationpro,instrumental,QZ-S66-22-95682,,,J:\ALL SOUND FILES\. KICK STREAM FOLDER\HOME\HOME\1 SOUNDCLOUD  DISTRO KID\34\instrumental\Ding a ling ling ling QZS662295682.wav,Ding a ling ling ling QZS662295682.wav
"Alien ft. EyeWaz, Dubcupboard, Adamms",Excavationpro,Vocals,QZ-S66-22-99441,,,"J:\ALL SOUND FILES\. KICK STREAM FOLDER\HOME\HOME\1 SOUNDCLOUD  DISTRO KID\31\Vocals\Alien ft. EyeWaz, Dubcupboard, Adamms QZS662299441.wav","Alien ft. EyeWaz, Dubcupboard, Adamms QZS662299441.wav"
Supernatural,Excavationpro,Done,QZ-S66-24-00256,,,J:\ALL SOUND FILES\. KICK STREAM FOLDER\1 SOUNDCLOUD  DISTRO KID\0 DONE ALBUM\10\New folder\Done\Done\Supernatural QZS662400256.wav,Supernatural QZS662400256.wav
Righteous Passion,Excavationpro,New folder,QZ-S66-24-03846,,,J:\ALL SOUND FILES\. KICK STREAM FOLDER\1 SOUNDCLOUD  DISTRO KID\0 DONE ALBUM\8\New folder\Righteous Passion QZS662403846.wav,Righteous Passion QZS662403846.wav
Stars,Excavationpro,New folder,QZ-S66-24-13033,,,J:\ALL SOUND FILES\. KICK STREAM FOLDER\1 SOUNDCLOUD  DISTRO KID\0 DONE ALBUM\8\New folder\Stars QZS662413033.wav,Stars QZS662413033.wav
Boujee,Excavationpro,7,QZ-S66-24-13881,,,J:\ALL SOUND FILES\. KICK STREAM FOLDER\1 SOUNDCLOUD  DISTRO KID\0 DONE ALBUM\7\Boujee QZS662413881.wav,Boujee QZS662413881.wav
Drip,Excavationpro,Done,QZ-S66-24-26309,,,J:\ALL SOUND FILES\. KICK STREAM FOLDER\1 SOUNDCLOUD  DISTRO KID\0 DONE ALBUM\11\Done\Drip QZS662426309.wav,Drip QZS662426309.wav
Sanity,Excavationpro,DONE,QZ-S66-24-28779,,,J:\ALL SOUND FILES\. KICK STREAM FOLDER\1 SOUNDCLOUD  DISTRO KID\0 DONE ALBUM\13\DONE\Sanity QZS662428779.wav,Sanity QZS662428779.wav
Dark Desires,Excavationpro,DONE,QZ-S66-24-32237,,,J:\ALL SOUND FILES\. KICK STREAM FOLDER\1 SOUNDCLOUD  DISTRO KID\0 DONE ALBUM\14\DONE\Dark Desires QZS662432237.wav,Dark Desires QZS662432237.wav
Cripple feat Justin Helmer,Excavationpro,9,QZ-S66-24-35659,,,J:\ALL SOUND FILES\. KICK STREAM FOLDER\1 SOUNDCLOUD  DISTRO KID\0 DONE ALBUM\9\Cripple feat Justin Helmer QZS662435659.wav,Cripple feat Justin Helmer QZS662435659.wav
Creep Mode,Excavationpro,Done,QZ-S66-24-42304,,,J:\ALL SOUND FILES\. KICK STREAM FOLDER\HOME\HOME\1 SOUNDCLOUD  DISTRO KID\0 DONE ALBUM\9\Done\Creep Mode QZS662442304.wav,Creep Mode QZS662442304.wav
Priceless Souls Instrumental,Excavationpro,DONE,QZ-S66-24-43085,,,J:\ALL SOUND FILES\. KICK STREAM FOLDER\1 SOUNDCLOUD  DISTRO KID\0 DONE ALBUM\13\DONE\Priceless Souls Instrumental QZS662443085.wav,Priceless Souls Instrumental QZS662443085.wav
Chain Of Thought,Excavationpro,7,QZ-S66-24-55738,,,J:\ALL SOUND FILES\. KICK STREAM FOLDER\1 SOUNDCLOUD  DISTRO KID\0 DONE ALBUM\7\Chain Of Thought QZS662455738.wav,Chain Of Thought QZS662455738.wav
Soul Surge,Excavationpro,6,QZ-S66-24-61834,,,J:\ALL SOUND FILES\. KICK STREAM FOLDER\1 SOUNDCLOUD  DISTRO KID\0 DONE ALBUM\6\Soul Surge QZS662461834.wav,Soul Surge QZS662461834.wav
Memory,Excavationpro,7,QZ-S66-24-64177,,,J:\ALL SOUND FILES\. KICK STREAM FOLDER\1 SOUNDCLOUD  DISTRO KID\0 DONE ALBUM\7\Memory QZS662464177.wav,Memory QZS662464177.wav
Escape (Mastered with Thunder at 100pct),Excavationpro,15,QZ-S66-24-65442,,,J:\ALL SOUND FILES\. KICK STREAM FOLDER\1 SOUNDCLOUD  DISTRO KID\0 DONE ALBUM\15\Escape (Mastered with Thunder at 100pct) QZS662465442.wav,Escape (Mastered with Thunder at 100pct) QZS662465442.wav
Deliquescent,Excavationpro,7,QZ-S66-24-66748,,,J:\ALL SOUND FILES\. KICK STREAM FOLDER\1 SOUNDCLOUD  DISTRO KID\0 DONE ALBUM\7\Deliquescent QZS662466748.wav,Deliquescent QZS662466748.wav
Chaos,Excavationpro,New folder,QZ-S66-24-74510,,,J:\ALL SOUND FILES\. KICK STREAM FOLDER\1 SOUNDCLOUD  DISTRO KID\0 DONE ALBUM\12\New folder\Chaos QZS662474510.wav,Chaos QZS662474510.wav
Free Now,Excavationpro,Done,QZ-S66-24-81162,,,J:\ALL SOUND FILES\. KICK STREAM FOLDER\1 SOUNDCLOUD  DISTRO KID\0 DONE ALBUM\4\Done\Free Now QZS662481162.wav,Free Now QZS662481162.wav
Hyper Diaper,Excavationpro,PG 40 Done,QZ-S67-21-07926,,,J:\ALL SOUND FILES\. KICK STREAM FOLDER\HOME\HOME\1 SOUNDCLOUD  DISTRO KID\PG 40 Done\Hyper Diaper QZS672107926.mp3,Hyper Diaper QZS672107926.mp3
Closedtightly,Excavationpro,PG 38,QZ-S67-21-09657,,,J:\ALL SOUND FILES\. KICK STREAM FOLDER\HOME\HOME\1 SOUNDCLOUD  DISTRO KID\PG 38\Closedtightly QZS672109657.wav,Closedtightly QZS672109657.wav
Breaking the Matrix,Excavationpro,PG 39,QZ-S67-21-17742,,,J:\ALL SOUND FILES\. KICK STREAM FOLDER\HOME\HOME\1 SOUNDCLOUD  DISTRO KID\PG 39\Breaking the Matrix QZS672117742.mp3,Breaking the Matrix QZS672117742.mp3
Tropical Breeze,Excavationpro,PG 40 Done,QZ-S67-21-35872,,,J:\ALL SOUND FILES\. KICK STREAM FOLDER\HOME\HOME\1 SOUNDCLOUD  DISTRO KID\PG 40 Done\Tropical Breeze QZS672135872.mp3,Tropical Breeze QZS672135872.mp3
April FLowers,Excavationpro,PG 39,QZ-S67-21-41382,,,J:\ALL SOUND FILES\. KICK STREAM FOLDER\HOME\HOME\1 SOUNDCLOUD  DISTRO KID\PG 39\April FLowers QZS672141382.mp3,April FLowers QZS672141382.mp3
Sniper,Excavationpro,PG 39,QZ-S67-21-43952,,,J:\ALL SOUND FILES\. KICK STREAM FOLDER\HOME\HOME\1 SOUNDCLOUD  DISTRO KID\PG 39\Sniper QZS672143952.mp3,Sniper QZS672143952.mp3
Moon walker,Excavationpro,PG 39,QZ-S67-21-56251,,,J:\ALL SOUND FILES\. KICK STREAM FOLDER\HOME\HOME\1 SOUNDCLOUD  DISTRO KID\PG 39\Moon walker QZS672156251.mp3,Moon walker QZS672156251.mp3
Tough Love,Excavationpro,PG 39,QZ-S67-21-58940,,,J:\ALL SOUND FILES\. KICK STREAM FOLDER\HOME\HOME\1 SOUNDCLOUD  DISTRO KID\PG 39\Tough Love QZS672158940.mp3,Tough Love QZS672158940.mp3
Mystery Box,Excavationpro,PG 38,QZ-S67-21-66565,,,J:\ALL SOUND FILES\. KICK STREAM FOLDER\HOME\HOME\1 SOUNDCLOUD  DISTRO KID\PG 38\Mystery Box QZS672166565.mp3,Mystery Box QZS672166565.mp3
Overthinking,Excavationpro,Instrumentals,QZ-S67-22-01782,,,J:\ALL SOUND FILES\. KICK STREAM FOLDER\HOME\HOME\1 SOUNDCLOUD  DISTRO KID\32\Instrumentals\Overthinking QZS672201782.wav,Overthinking QZS672201782.wav
Wanna Ride With Me,Excavationpro,Instrumentals,QZ-S67-22-14623,,,J:\ALL SOUND FILES\. KICK STREAM FOLDER\HOME\HOME\1 SOUNDCLOUD  DISTRO KID\33\Instrumentals\Wanna Ride With Me QZS672214623.wav,Wanna Ride With Me QZS672214623.wav
Avatar BeatStars Instrumental,Excavationpro,Instrumentals,QZ-S67-22-21502,,,J:\ALL SOUND FILES\. KICK STREAM FOLDER\HOME\HOME\1 SOUNDCLOUD  DISTRO KID\30\Instrumentals\Avatar BeatStars Instrumental QZS672221502.wav,Avatar BeatStars Instrumental QZS672221502.wav
Working Tonight,Excavationpro,Done,QZ-S67-22-22351,,,J:\ALL SOUND FILES\. KICK STREAM FOLDER\HOME\HOME\1 SOUNDCLOUD  DISTRO KID\PG 37\Vocals\Done\Working Tonight QZS672222351.wav,Working Tonight QZS672222351.wav
Everything I Do For You,Excavationpro,Vocals,QZ-S67-22-25101,,,J:\ALL SOUND FILES\. KICK STREAM FOLDER\HOME\HOME\1 SOUNDCLOUD  DISTRO KID\PG 37\Vocals\Everything I Do For You QZS672225101.wav,Everything I Do For You QZS672225101.wav
Never Ending Story,Excavationpro,Instrumentals,QZ-S67-22-30340,,,J:\ALL SOUND FILES\. KICK STREAM FOLDER\HOME\HOME\1 SOUNDCLOUD  DISTRO KID\32\Instrumentals\Never Ending Story QZS672230340.wav,Never Ending Story QZS672230340.wav
Don't Come Back,Excavationpro,17,QZ-S67-22-33021,,,J:\ALL SOUND FILES\. KICK STREAM FOLDER\1 SOUNDCLOUD  DISTRO KID\17\Don't Come Back QZS672233021.wav,Don't Come Back QZS672233021.wav
Club Crasher Dance Beat,Excavationpro,Done,QZ-S67-22-35240,,,J:\ALL SOUND FILES\. KICK STREAM FOLDER\HOME\HOME\1 SOUNDCLOUD  DISTRO KID\PG 37\Vocals\Done\Club Crasher Dance Beat  QZS672235240.wav,Club Crasher Dance Beat  QZS672235240.wav
Dog Without a Home Master Mix Ft. Voiceofanation,Excavationpro,Vocals,QZ-S67-22-38751,,,J:\ALL SOUND FILES\. KICK STREAM FOLDER\HOME\HOME\1 SOUNDCLOUD  DISTRO KID\34\Vocals\Dog Without a Home Master Mix Ft. Voiceofanation QZS672238751.wav,Dog Without a Home Master Mix Ft. Voiceofanation QZS672238751.wav
You Don't Care,Excavationpro,Instrumentals,QZ-S67-22-39318,,,J:\ALL SOUND FILES\. KICK STREAM FOLDER\HOME\HOME\1 SOUNDCLOUD  DISTRO KID\32\Instrumentals\You Don't Care QZS672239318.wav,You Don't Care QZS672239318.wav
Busy Right Now ft BBCBanks,Excavationpro,Vocals,QZ-S67-22-39426,,,J:\ALL SOUND FILES\. KICK STREAM FOLDER\HOME\HOME\1 SOUNDCLOUD  DISTRO KID\30\Vocals\Busy Right Now ft BBCBanks QZS672239426.wav,Busy Right Now ft BBCBanks QZS672239426.wav
Blow Like this (Mastered with Thunder at 100pct),Excavationpro,Vocals,QZ-S67-22-40916,,,J:\ALL SOUND FILES\. KICK STREAM FOLDER\HOME\HOME\1 SOUNDCLOUD  DISTRO KID\31\Vocals\Blow Like this (Mastered with Thunder at 100pct) QZS672240916.wav,Blow Like this (Mastered with Thunder at 100pct) QZS672240916.wav
Love Hangover (1) (Mastered with Sunroof at 100pct),Excavationpro,vocal,QZ-S67-22-47607,,,J:\ALL SOUND FILES\. KICK STREAM FOLDER\HOME\HOME\1 SOUNDCLOUD  DISTRO KID\36\vocal\Love Hangover (1) (Mastered with Sunroof at 100pct) QZS672247607.wav,Love Hangover (1) (Mastered with Sunroof at 100pct) QZS672247607.wav
Blaze it Up feat Justin Helmer,Excavationpro,19,QZ-S67-22-52107,,,J:\ALL SOUND FILES\. KICK STREAM FOLDER\1 SOUNDCLOUD  DISTRO KID\19\Blaze it Up feat Justin Helmer QZS672252107.wav,Blaze it Up feat Justin Helmer QZS672252107.wav
Spirit Guide,Excavationpro,Instrumentals,QZ-S67-22-59559,,,J:\ALL SOUND FILES\. KICK STREAM FOLDER\HOME\HOME\1 SOUNDCLOUD  DISTRO KID\33\Instrumentals\Spirit Guide QZS672259559.wav,Spirit Guide QZS672259559.wav
Gone Instrumental,Excavationpro,18,QZ-S67-22-63554,,,J:\ALL SOUND FILES\. KICK STREAM FOLDER\1 SOUNDCLOUD  DISTRO KID\18\Gone Instrumental QZS672263554.wav,Gone Instrumental QZS672263554.wav
CONTRACT KILLER LYRICAL ASSASSIN (Feat. NORAD),Excavationpro,Vocals,QZ-S67-22-68118,,,J:\ALL SOUND FILES\. KICK STREAM FOLDER\HOME\HOME\1 SOUNDCLOUD  DISTRO KID\34\Vocals\CONTRACT KILLER LYRICAL ASSASSIN (Feat. NORAD) QZS672268118.wav,CONTRACT KILLER LYRICAL ASSASSIN (Feat. NORAD) QZS672268118.wav
I Heard You Night Cursor Mix (Mastered with Clear Sky at 100pct),Excavationpro,Vocals,QZ-S67-22-68775,,,J:\ALL SOUND FILES\. KICK STREAM FOLDER\HOME\HOME\1 SOUNDCLOUD  DISTRO KID\34\Vocals\I Heard You Night Cursor Mix (Mastered with Clear Sky at 100pct) QZS672268775.wav,I Heard You Night Cursor Mix (Mastered with Clear Sky at 100pct) QZS672268775.wav
Blame Me,Excavationpro,Instrumentals,QZ-S67-22-70228,,,J:\ALL SOUND FILES\. KICK STREAM FOLDER\HOME\HOME\1 SOUNDCLOUD  DISTRO KID\32\Instrumentals\Blame Me QZS672270228.wav,Blame Me QZS672270228.wav
Demon Time Beat Loop,Excavationpro,instrumental,QZ-S67-22-72957,,,J:\ALL SOUND FILES\. KICK STREAM FOLDER\HOME\HOME\1 SOUNDCLOUD  DISTRO KID\34\instrumental\Demon Time Beat Loop QZS672272957.wav,Demon Time Beat Loop QZS672272957.wav
YOU BETTER RUN,Excavationpro,vocal,QZ-S67-22-77426,,,J:\ALL SOUND FILES\. KICK STREAM FOLDER\HOME\HOME\1 SOUNDCLOUD  DISTRO KID\36\vocal\YOU BETTER RUN QZS672277426.wav,YOU BETTER RUN QZS672277426.wav
New Disorder feat Jake Buzzard. Justin Helmer,Excavationpro,5,QZ-S67-24-03598,,,J:\ALL SOUND FILES\. KICK STREAM FOLDER\1 SOUNDCLOUD  DISTRO KID\0 DONE ALBUM\5\New Disorder feat Jake Buzzard. Justin Helmer QZS672403598.wav,New Disorder feat Jake Buzzard. Justin Helmer QZS672403598.wav
Goodbye,Excavationpro,Done,QZ-S67-24-04929,,,J:\ALL SOUND FILES\. KICK STREAM FOLDER\HOME\HOME\1 SOUNDCLOUD  DISTRO KID\0 DONE ALBUM\9\New folder\Done\Goodbye QZS672404929.wav,Goodbye QZS672404929.wav
Gorilla ft Justin Helmer,Excavationpro,Gorilla,QZ-S67-24-11119,,,J:\ALL SOUND FILES\. KICK STREAM FOLDER\DESKTOP\HOME\Gorilla\Gorilla ft Justin Helmer QZS672411119.wav,Gorilla ft Justin Helmer QZS672411119.wav
UFO X,Excavationpro,New folder,QZ-S67-24-11520,,,J:\ALL SOUND FILES\. KICK STREAM FOLDER\1 SOUNDCLOUD  DISTRO KID\0 DONE ALBUM\8\New folder\UFO X QZS672411520.wav,UFO X QZS672411520.wav
Manic Mania feat Justin Helmer 136,Excavationpro,5,QZ-S67-24-25624,,,J:\ALL SOUND FILES\. KICK STREAM FOLDER\1 SOUNDCLOUD  DISTRO KID\0 DONE ALBUM\5\Manic Mania feat Justin Helmer 136 QZS672425624.wav,Manic Mania feat Justin Helmer 136 QZS672425624.wav
Zombies feat Justin Helmer,Excavationpro,16,QZ-S67-24-26459,,,J:\ALL SOUND FILES\. KICK STREAM FOLDER\1 SOUNDCLOUD  DISTRO KID\16\Zombies feat Justin Helmer QZS672426459.wav,Zombies feat Justin Helmer QZS672426459.wav
Take Me Away,Excavationpro,DONE,QZ-S67-24-35098,,,J:\ALL SOUND FILES\. KICK STREAM FOLDER\1 SOUNDCLOUD  DISTRO KID\0 DONE ALBUM\14\DONE\Take Me Away QZS672435098.wav,Take Me Away QZS672435098.wav
Monatomic Gold Instrumental,Excavationpro,Done,QZ-S67-24-43785,,,J:\ALL SOUND FILES\. KICK STREAM FOLDER\1 SOUNDCLOUD  DISTRO KID\0 DONE ALBUM\12\New folder\Done\Monatomic Gold Instrumental QZS672443785.wav,Monatomic Gold Instrumental QZS672443785.wav
Unforgiven,Excavationpro,16,QZ-S67-24-51270,,,J:\ALL SOUND FILES\. KICK STREAM FOLDER\1 SOUNDCLOUD  DISTRO KID\16\Unforgiven QZS672451270.wav,Unforgiven QZS672451270.wav
Zoomer (1),Excavationpro,New folder,QZ-S67-24-61759,,,J:\ALL SOUND FILES\. KICK STREAM FOLDER\1 SOUNDCLOUD  DISTRO KID\0 DONE ALBUM\8\New folder\Zoomer (1) QZS672461759.wav,Zoomer (1) QZS672461759.wav
King feat,Excavationpro,Done,QZ-S67-24-66058,,,J:\ALL SOUND FILES\. KICK STREAM FOLDER\HOME\HOME\1 SOUNDCLOUD  DISTRO KID\0 DONE ALBUM\9\Done\King feat QZS672466058.wav,King feat QZS672466058.wav
Freaky,Excavationpro,Done,QZ-S67-24-73910,,,J:\ALL SOUND FILES\. KICK STREAM FOLDER\1 SOUNDCLOUD  DISTRO KID\0 DONE ALBUM\11\Done\Freaky  QZS672473910.wav,Freaky  QZS672473910.wav
Awesome Sauce,Excavationpro,Done,QZ-S67-24-75365,,,J:\ALL SOUND FILES\. KICK STREAM FOLDER\1 SOUNDCLOUD  DISTRO KID\0 DONE ALBUM\10\New folder\Done\Done\Awesome Sauce QZS672475365.wav,Awesome Sauce QZS672475365.wav
Rumble in the Club,Excavationpro,15,QZ-S67-24-76700,,,J:\ALL SOUND FILES\. KICK STREAM FOLDER\1 SOUNDCLOUD  DISTRO KID\0 DONE ALBUM\15\Rumble in the Club QZS672476700.wav,Rumble in the Club QZS672476700.wav
Stay With Me Instrumental,Excavationpro,DONE,QZ-S67-24-81580,,,J:\ALL SOUND FILES\. KICK STREAM FOLDER\1 SOUNDCLOUD  DISTRO KID\0 DONE ALBUM\13\DONE\Stay With Me Instrumental QZS672481580.wav,Stay With Me Instrumental QZS672481580.wav
Finished Product ft Justin Helmer,Excavationpro,6,QZ-S67-24-85229,,,J:\ALL SOUND FILES\. KICK STREAM FOLDER\1 SOUNDCLOUD  DISTRO KID\0 DONE ALBUM\6\Finished Product ft Justin Helmer QZS672485229.wav,Finished Product ft Justin Helmer QZS672485229.wav
Fantasy,Excavationpro,Done,QZ-S67-24-93223,,,J:\ALL SOUND FILES\. KICK STREAM FOLDER\1 SOUNDCLOUD  DISTRO KID\0 DONE ALBUM\10\New folder\Done\Done\Fantasy QZS672493223.wav,Fantasy QZS672493223.wav
Hole Digger,Excavationpro,Done,QZ-S67-24-95193,,,J:\ALL SOUND FILES\. KICK STREAM FOLDER\1 SOUNDCLOUD  DISTRO KID\0 DONE ALBUM\11\Done\Hole Digger QZS672495193.wav,Hole Digger QZS672495193.wav
pexels ajay singh 6737489,Excavationpro,2,SI-NGH-67-37489,,,J:\Music 2024\Collab October 1\2\pexels-ajay-singh-6737489.jpg,pexels-ajay-singh-6737489.jpg
canvas video 9158861 1751829501979,Excavationpro,Spotify BAckgrounds,VI-DEO-91-58861,1751829501979,,J:\ALL SOUND FILES\2026 NEW MUSIC\Music\AI music\Spotify BAckgrounds\canvas-video-9158861-1751829501979.mp4,canvas-video-9158861-1751829501979.mp4
